station_id,bikesAvailable,allowDropoff,isFloatingBike,state,realTimeData,time,week,yday,day,month,hour,minute,yhour,year,station_name,lon,lat,capacity
701,1.0,1.0,0.0,Station on,1.0,2021-08-31 23:55:02.336677+00:00,35.0,243.0,31,8.0,23,0.9166667,3863.0,2021.0,Gallen-Kallelan tie,24.840699,60.206142,10
703,2.0,1.0,0.0,Station on,1.0,2021-08-31 23:55:02.336677+00:00,35.0,243.0,31,8.0,23,0.9166667,3863.0,2021.0,Elfvik,24.8231,60.203852,10
705,11.0,1.0,0.0,Station on,1.0,2021-08-31 23:55:02.336677+00:00,35.0,243.0,31,8.0,23,0.9166667,3863.0,2021.0,Laajalahden keskus,24.80493,60.203892,19
707,10.0,1.0,0.0,Station on,1.0,2021-08-31 23:55:02.336677+00:00,35.0,243.0,31,8.0,23,0.9166667,3863.0,2021.0,Majurinkulma,24.824954,60.210735,24
709,8.0,1.0,0.0,Station on,1.0,2021-08-31 23:55:02.336677+00:00,35.0,243.0,31,8.0,23,0.9166667,3863.0,2021.0,Yhdyskunnankuja,24.819549,60.212508,20
711,43.0,1.0,0.0,Station on,1.0,2021-08-31 23:55:02.336677+00:00,35.0,243.0,31,8.0,23,0.9166667,3863.0,2021.0,Kirjurinkuja,24.826368,60.215751,26
713,3.0,1.0,0.0,Station on,1.0,2021-08-31 23:55:02.336677+00:00,35.0,243.0,31,8.0,23,0.9166667,3863.0,2021.0,Upseerinkatu,24.819396,60.216067,30
715,10.0,1.0,0.0,Station on,1.0,2021-08-31 23:55:02.336677+00:00,35.0,243.0,31,8.0,23,0.9166667,3863.0,2021.0,Komentajankatu,24.821932,60.216222,12
719,3.0,1.0,0.0,Station on,1.0,2021-08-31 23:55:02.336677+00:00,35.0,243.0,31,8.0,23,0.9166667,3863.0,2021.0,Säteri,24.811572,60.213443,32
721,11.0,1.0,0.0,Station on,1.0,2021-08-31 23:55:02.336677+00:00,35.0,243.0,31,8.0,23,0.9166667,3863.0,2021.0,Säterinrinne,24.805613,60.214193,16
601,13.0,1.0,0.0,Station on,1.0,2021-08-31 23:55:02.336677+00:00,35.0,243.0,31,8.0,23,0.9166667,3863.0,2021.0,Nokkala,24.754344,60.147974,18
723,8.0,1.0,0.0,Station on,1.0,2021-08-31 23:55:02.336677+00:00,35.0,243.0,31,8.0,23,0.9166667,3863.0,2021.0,Säterinniitty,24.800486,60.214666,10
603,24.0,1.0,0.0,Station on,1.0,2021-08-31 23:55:02.336677+00:00,35.0,243.0,31,8.0,23,0.9166667,3863.0,2021.0,Matinlahdenranta,24.754196,60.151041,20
725,10.0,1.0,0.0,Station on,1.0,2021-08-31 23:55:02.336677+00:00,35.0,243.0,31,8.0,23,0.9166667,3863.0,2021.0,Rummunlyöjänkatu,24.806279,60.217261,20
727,0.0,1.0,0.0,Station on,1.0,2021-08-31 23:55:02.336677+00:00,35.0,243.0,31,8.0,23,0.9166667,3863.0,2021.0,Ratsutori,24.812419,60.217311,33
607,20.0,1.0,0.0,Station on,1.0,2021-08-31 23:55:02.336677+00:00,35.0,243.0,31,8.0,23,0.9166667,3863.0,2021.0,Nuottaniementie,24.741546,60.147921,15
609,5.0,1.0,0.0,Station on,1.0,2021-08-31 23:55:02.336677+00:00,35.0,243.0,31,8.0,23,0.9166667,3863.0,2021.0,Sepetlahdentie,24.741234,60.152343,10
731,12.0,1.0,0.0,Station on,1.0,2021-08-31 23:55:02.336677+00:00,35.0,243.0,31,8.0,23,0.9166667,3863.0,2021.0,Leppävaarankäytävä,24.813437,60.220254,21
611,12.0,1.0,0.0,Station on,1.0,2021-08-31 23:55:02.336677+00:00,35.0,243.0,31,8.0,23,0.9166667,3863.0,2021.0,Matinkartanontie,24.752489,60.156258,21
733,40.0,1.0,0.0,Station on,1.0,2021-08-31 23:55:02.336677+00:00,35.0,243.0,31,8.0,23,0.9166667,3863.0,2021.0,Läkkitori,24.813109,60.221019,25
613,2.0,1.0,0.0,Station on,1.0,2021-08-31 23:55:02.336677+00:00,35.0,243.0,31,8.0,23,0.9166667,3863.0,2021.0,Matinkyläntie,24.744978,60.155689,15
735,3.0,1.0,0.0,Station on,1.0,2021-08-31 23:55:02.336677+00:00,35.0,243.0,31,8.0,23,0.9166667,3863.0,2021.0,Armas Launiksen katu,24.818128,60.221781,20
615,4.0,1.0,0.0,Station on,1.0,2021-08-31 23:55:02.336677+00:00,35.0,243.0,31,8.0,23,0.9166667,3863.0,2021.0,Tiistiläntie,24.737664,60.156755,24
737,9.0,1.0,0.0,Station on,1.0,2021-08-31 23:55:02.336677+00:00,35.0,243.0,31,8.0,23,0.9166667,3863.0,2021.0,Muurarinkuja,24.812271,60.223769,19
617,25.0,1.0,0.0,Station on,1.0,2021-08-31 23:55:02.336677+00:00,35.0,243.0,31,8.0,23,0.9166667,3863.0,2021.0,Tiistinkallio,24.729112,60.153737,12
739,6.0,1.0,0.0,Station on,1.0,2021-08-31 23:55:02.336677+00:00,35.0,243.0,31,8.0,23,0.9166667,3863.0,2021.0,Postipuun koulu,24.826396,60.223827,16
619,2.0,1.0,0.0,Station on,1.0,2021-08-31 23:55:02.336677+00:00,35.0,243.0,31,8.0,23,0.9166667,3863.0,2021.0,Etuniementie,24.724835,60.160645,10
741,1.0,1.0,0.0,Station on,1.0,2021-08-31 23:55:02.336677+00:00,35.0,243.0,31,8.0,23,0.9166667,3863.0,2021.0,Gransinmäki,24.804898,60.222154,20
621,16.0,1.0,0.0,Station on,1.0,2021-08-31 23:55:02.336677+00:00,35.0,243.0,31,8.0,23,0.9166667,3863.0,2021.0,Hauenkalliontie,24.756272,60.161138,12
501,5.0,1.0,0.0,Station on,1.0,2021-08-31 23:55:02.336677+00:00,35.0,243.0,31,8.0,23,0.9166667,3863.0,2021.0,Hanasaari,24.840319,60.16582,10
623,2.0,1.0,0.0,Station on,1.0,2021-08-31 23:55:02.336677+00:00,35.0,243.0,31,8.0,23,0.9166667,3863.0,2021.0,Nelikkotie,24.74663,60.161588,16
503,39.0,1.0,0.0,Station on,1.0,2021-08-31 23:55:02.336677+00:00,35.0,243.0,31,8.0,23,0.9166667,3863.0,2021.0,Keilalahti,24.827467,60.171524,28
745,38.0,1.0,0.0,Station on,1.0,2021-08-31 23:55:02.336677+00:00,35.0,243.0,31,8.0,23,0.9166667,3863.0,2021.0,Leppävaaran urheilupuisto,24.800971,60.224943,32
625,2.0,1.0,0.0,Station on,1.0,2021-08-31 23:55:02.336677+00:00,35.0,243.0,31,8.0,23,0.9166667,3863.0,2021.0,Suomenlahdentie,24.741294,60.160015,32
505,4.0,1.0,0.0,Station on,1.0,2021-08-31 23:55:02.336677+00:00,35.0,243.0,31,8.0,23,0.9166667,3863.0,2021.0,Westendinasema,24.805758,60.168266,16
747,19.0,1.0,0.0,Station on,1.0,2021-08-31 23:55:02.336677+00:00,35.0,243.0,31,8.0,23,0.9166667,3863.0,2021.0,Leppävaaran uimahalli,24.804735,60.226379,18
627,1.0,1.0,0.0,Station on,1.0,2021-08-31 23:55:02.336677+00:00,35.0,243.0,31,8.0,23,0.9166667,3863.0,2021.0,Piispansilta,24.738416,60.162403,44
507,8.0,1.0,0.0,Station on,1.0,2021-08-31 23:55:02.336677+00:00,35.0,243.0,31,8.0,23,0.9166667,3863.0,2021.0,Golfpolku,24.796136,60.168143,16
749,2.0,1.0,0.0,Station on,1.0,2021-08-31 23:55:02.336677+00:00,35.0,243.0,31,8.0,23,0.9166667,3863.0,2021.0,Vallikatu,24.813871,60.228463,24
629,10.0,1.0,0.0,Station on,1.0,2021-08-31 23:55:02.336677+00:00,35.0,243.0,31,8.0,23,0.9166667,3863.0,2021.0,Piispanportti,24.732688,60.165603,16
509,4.0,1.0,0.0,Station on,1.0,2021-08-31 23:55:02.336677+00:00,35.0,243.0,31,8.0,23,0.9166667,3863.0,2021.0,Revontulentie,24.802938,60.171551,30
751,12.0,1.0,0.0,Station on,1.0,2021-08-31 23:55:02.336677+00:00,35.0,243.0,31,8.0,23,0.9166667,3863.0,2021.0,Vallipolku,24.819614,60.227827,20
631,10.0,1.0,0.0,Station on,1.0,2021-08-31 23:55:02.336677+00:00,35.0,243.0,31,8.0,23,0.9166667,3863.0,2021.0,Friisilänaukio,24.721367,60.162842,12
511,3.0,1.0,0.0,Station on,1.0,2021-08-31 23:55:02.336677+00:00,35.0,243.0,31,8.0,23,0.9166667,3863.0,2021.0,Sateentie,24.810688,60.173424,18
753,23.0,1.0,0.0,Station on,1.0,2021-08-31 23:55:02.336677+00:00,35.0,243.0,31,8.0,23,0.9166667,3863.0,2021.0,Linnuntie,24.813954,60.234401,24
633,0.0,1.0,0.0,Station on,1.0,2021-08-31 23:55:02.336677+00:00,35.0,243.0,31,8.0,23,0.9166667,3863.0,2021.0,Avaruuskatu,24.724908,60.168971,16
513,7.0,1.0,0.0,Station on,1.0,2021-08-31 23:55:02.336677+00:00,35.0,243.0,31,8.0,23,0.9166667,3863.0,2021.0,Hakalehto,24.79139,60.173567,24
755,7.0,1.0,0.0,Station on,1.0,2021-08-31 23:55:02.336677+00:00,35.0,243.0,31,8.0,23,0.9166667,3863.0,2021.0,Kutsuntatie,24.824561,60.230453,16
635,4.0,1.0,0.0,Station on,1.0,2021-08-31 23:55:02.336677+00:00,35.0,243.0,31,8.0,23,0.9166667,3863.0,2021.0,Kuunkatu,24.726025,60.172673,24
515,5.0,1.0,0.0,Station on,1.0,2021-08-31 23:55:02.336677+00:00,35.0,243.0,31,8.0,23,0.9166667,3863.0,2021.0,Oravannahkatori,24.792559,60.175769,16
757,7.0,1.0,0.0,Station on,1.0,2021-08-31 23:55:02.336677+00:00,35.0,243.0,31,8.0,23,0.9166667,3863.0,2021.0,Painiitty,24.831397,60.235089,12
637,1.0,1.0,0.0,Station on,1.0,2021-08-31 23:55:02.336677+00:00,35.0,243.0,31,8.0,23,0.9166667,3863.0,2021.0,Ruomelantie,24.729314,60.174524,12
517,0.0,1.0,0.0,Station on,1.0,2021-08-31 23:55:02.336677+00:00,35.0,243.0,31,8.0,23,0.9166667,3863.0,2021.0,Länsituuli,24.802049,60.175358,24
518,1.0,1.0,0.0,Station on,1.0,2021-08-31 23:55:02.336677+00:00,35.0,243.0,31,8.0,23,0.9166667,3863.0,2021.0,Tuulimäki,24.806051,60.174144,18
639,3.0,1.0,0.0,Station on,1.0,2021-08-31 23:55:02.336677+00:00,35.0,243.0,31,8.0,23,0.9166667,3863.0,2021.0,Itäportti,24.738122,60.174914,18
519,3.0,1.0,0.0,Station on,1.0,2021-08-31 23:55:02.336677+00:00,35.0,243.0,31,8.0,23,0.9166667,3863.0,2021.0,Tapionaukio,24.805825,60.176168,26
761,0.0,1.0,0.0,Station on,1.0,2021-08-31 23:55:02.336677+00:00,35.0,243.0,31,8.0,23,0.9166667,3863.0,2021.0,Mäkkylän asema,24.83939,60.220467,32
641,1.0,1.0,0.0,Station on,1.0,2021-08-31 23:55:02.336677+00:00,35.0,243.0,31,8.0,23,0.9166667,3863.0,2021.0,Komeetankatu,24.735969,60.167216,16
400,4.0,1.0,0.0,Station on,1.0,2021-08-31 23:55:02.336677+00:00,35.0,243.0,31,8.0,23,0.9166667,3863.0,2021.0,Kuusisaari,24.8567965996401,60.1845083389847,16
521,0.0,1.0,0.0,Station on,1.0,2021-08-31 23:55:02.336677+00:00,35.0,243.0,31,8.0,23,0.9166667,3863.0,2021.0,Kulttuuriaukio,24.803942,60.177588,30
763,3.0,1.0,0.0,Station on,1.0,2021-08-31 23:55:02.336677+00:00,35.0,243.0,31,8.0,23,0.9166667,3863.0,2021.0,Kalkkipellonmäki,24.833536,60.220551,24
401,24.0,1.0,0.0,Station on,1.0,2021-08-31 23:55:02.336677+00:00,35.0,243.0,31,8.0,23,0.9166667,3863.0,2021.0,Koivusaari metro station,24.8551642686834,60.1633863116225,16
643,6.0,1.0,0.0,Station on,1.0,2021-08-31 23:55:02.336677+00:00,35.0,243.0,31,8.0,23,0.9166667,3863.0,2021.0,Auringonkatu,24.731472,60.171548,20
402,19.0,1.0,0.0,Station on,1.0,2021-08-31 23:55:02.336677+00:00,35.0,243.0,31,8.0,23,0.9166667,3863.0,2021.0,Välimerenkatu,24.9101421129463,60.1549042600429,16
523,1.0,1.0,0.0,Station on,1.0,2021-08-31 23:55:02.336677+00:00,35.0,243.0,31,8.0,23,0.9166667,3863.0,2021.0,Ahertajantie,24.797984,60.17875,20
403,23.0,1.0,0.0,Station on,1.0,2021-08-31 23:55:02.336677+00:00,35.0,243.0,31,8.0,23,0.9166667,3863.0,2021.0,Verkkosaari,24.9775480765957,60.1895561753156,20
645,1.0,1.0,0.0,Station on,1.0,2021-08-31 23:55:02.336677+00:00,35.0,243.0,31,8.0,23,0.9166667,3863.0,2021.0,Piispankallio,24.743532,60.168441,16
404,38.0,1.0,0.0,Station on,1.0,2021-08-31 23:55:02.336677+00:00,35.0,243.0,31,8.0,23,0.9166667,3863.0,2021.0,Sompasaari,24.9760758238593,60.1829308185667,14
525,1.0,1.0,0.0,Station on,1.0,2021-08-31 23:55:02.336677+00:00,35.0,243.0,31,8.0,23,0.9166667,3863.0,2021.0,Mäntyviita,24.810974,60.178702,10
767,1.0,1.0,0.0,Station on,1.0,2021-08-31 23:55:02.336677+00:00,35.0,243.0,31,8.0,23,0.9166667,3863.0,2021.0,Ruutikatu,24.820635,60.223377,10
405,8.0,1.0,0.0,Station on,1.0,2021-08-31 23:55:02.336677+00:00,35.0,243.0,31,8.0,23,0.9166667,3863.0,2021.0,Jollas,25.0616678668253,60.1644074899774,16
647,14.0,1.0,0.0,Station on,1.0,2021-08-31 23:55:02.336677+00:00,35.0,243.0,31,8.0,23,0.9166667,3863.0,2021.0,Lystimäki,24.745666,60.172814,12
527,3.0,1.0,0.0,Station on,1.0,2021-08-31 23:55:02.336677+00:00,35.0,243.0,31,8.0,23,0.9166667,3863.0,2021.0,Otsolahti,24.817423,60.178655,18
769,0.0,1.0,0.0,Station on,1.0,2021-08-31 23:55:02.336677+00:00,35.0,243.0,31,8.0,23,0.9166667,3863.0,2021.0,Tiurintie,24.814562,60.204951,12
649,11.0,1.0,0.0,Station on,1.0,2021-08-31 23:55:02.336677+00:00,35.0,243.0,31,8.0,23,0.9166667,3863.0,2021.0,Lystimäensilta,24.752442,60.17471,15
529,0.0,1.0,0.0,Station on,1.0,2021-08-31 23:55:02.336677+00:00,35.0,243.0,31,8.0,23,0.9166667,3863.0,2021.0,Keilaniemi (M),24.82895,60.175233,40
651,14.0,1.0,0.0,Station on,1.0,2021-08-31 23:55:02.336677+00:00,35.0,243.0,31,8.0,23,0.9166667,3863.0,2021.0,Suurpellonaukio,24.744131,60.184596,24
531,7.0,1.0,0.0,Station on,1.0,2021-08-31 23:55:02.336677+00:00,35.0,243.0,31,8.0,23,0.9166667,3863.0,2021.0,Keilaranta,24.835132,60.178762,24
532,12.0,1.0,0.0,Station on,1.0,2021-08-31 23:55:02.336677+00:00,35.0,243.0,31,8.0,23,0.9166667,3863.0,2021.0,Betonimies,24.831804,60.180027,16
653,11.0,1.0,0.0,Station on,1.0,2021-08-31 23:55:02.336677+00:00,35.0,243.0,31,8.0,23,0.9166667,3863.0,2021.0,Lukutori,24.742571,60.187052,14
533,1.0,1.0,0.0,Station on,1.0,2021-08-31 23:55:02.336677+00:00,35.0,243.0,31,8.0,23,0.9166667,3863.0,2021.0,Tekniikantie,24.824747,60.180806,18
537,11.0,1.0,0.0,Station on,1.0,2021-08-31 23:55:02.336677+00:00,35.0,243.0,31,8.0,23,0.9166667,3863.0,2021.0,Innopoli,24.81422,60.185096,20
538,0.0,1.0,0.0,Station on,1.0,2021-08-31 23:55:02.336677+00:00,35.0,243.0,31,8.0,23,0.9166667,3863.0,2021.0,Hagalundsparken,24.817403,60.18363,14
539,0.0,1.0,0.0,Station on,1.0,2021-08-31 23:55:02.336677+00:00,35.0,243.0,31,8.0,23,0.9166667,3863.0,2021.0,"Aalto University (M), Tietotie",24.820099,60.184987,20
541,0.0,1.0,0.0,Station on,1.0,2021-08-31 23:55:02.336677+00:00,35.0,243.0,31,8.0,23,0.9166667,3863.0,2021.0,"Aalto University (M), Korkeakoulua",24.826671,60.184312,42
301,34.0,1.0,0.0,Station on,1.0,2021-08-31 23:55:02.336677+00:00,35.0,243.0,31,8.0,23,0.9166667,3863.0,2021.0,Aurinkotuulenkatu,25.1593463483962,60.202773395376,30
543,19.0,1.0,0.0,Station on,1.0,2021-08-31 23:55:02.336677+00:00,35.0,243.0,31,8.0,23,0.9166667,3863.0,2021.0,Otaranta,24.837133,60.18483,22
302,17.0,1.0,0.0,Station on,1.0,2021-08-31 23:55:02.336677+00:00,35.0,243.0,31,8.0,23,0.9166667,3863.0,2021.0,Sumukuja,25.1584093750563,60.2054467315293,18
303,11.0,1.0,0.0,Station on,1.0,2021-08-31 23:55:02.336677+00:00,35.0,243.0,31,8.0,23,0.9166667,3863.0,2021.0,Leikosaarentie,25.1515462608624,60.2046812958719,16
545,0.0,1.0,0.0,Station on,1.0,2021-08-31 23:55:02.336677+00:00,35.0,243.0,31,8.0,23,0.9166667,3863.0,2021.0,Sähkömies,24.829985,60.188499,12
304,15.0,1.0,0.0,Station on,1.0,2021-08-31 23:55:02.336677+00:00,35.0,243.0,31,8.0,23,0.9166667,3863.0,2021.0,Aurinkolahdenaukio,25.1501135293384,60.2011360782064,24
305,38.0,1.0,0.0,Station on,1.0,2021-08-31 23:55:02.336677+00:00,35.0,243.0,31,8.0,23,0.9166667,3863.0,2021.0,Kalkkihiekantie,25.1430402936212,60.202124196154,16
547,22.0,1.0,0.0,Station on,1.0,2021-08-31 23:55:02.336677+00:00,35.0,243.0,31,8.0,23,0.9166667,3863.0,2021.0,Jämeräntaival,24.835033,60.188118,30
306,0.0,1.0,0.0,Station on,1.0,2021-08-31 23:55:02.336677+00:00,35.0,243.0,31,8.0,23,0.9166667,3863.0,2021.0,Shopping Center Columbus,25.1455043565057,60.2063719022092,20
307,0.0,1.0,0.0,Station on,1.0,2021-08-31 23:55:02.336677+00:00,35.0,243.0,31,8.0,23,0.9166667,3863.0,2021.0,Ulappasilta,25.1410458716813,60.2066160428581,18
549,1.0,1.0,0.0,Station on,1.0,2021-08-31 23:55:02.336677+00:00,35.0,243.0,31,8.0,23,0.9166667,3863.0,2021.0,Maarinranta,24.810193,60.187529,12
308,0.0,1.0,0.0,Station on,1.0,2021-08-31 23:55:02.336677+00:00,35.0,243.0,31,8.0,23,0.9166667,3863.0,2021.0,Mosaiikkitori,25.143852587603,60.2079753561922,24
309,5.0,1.0,0.0,Station on,1.0,2021-08-31 23:55:02.336677+00:00,35.0,243.0,31,8.0,23,0.9166667,3863.0,2021.0,Kaivonkatsojanpuisto,25.1359993335263,60.2044047701442,18
551,0.0,1.0,0.0,Station on,1.0,2021-08-31 23:55:02.336677+00:00,35.0,243.0,31,8.0,23,0.9166667,3863.0,2021.0,Tietäjä,24.807083,60.189143,20
310,11.0,1.0,0.0,Station on,1.0,2021-08-31 23:55:02.336677+00:00,35.0,243.0,31,8.0,23,0.9166667,3863.0,2021.0,Halkaisijantie,25.1279098203443,60.2023869312805,18
311,14.0,1.0,0.0,Station on,1.0,2021-08-31 23:55:02.336677+00:00,35.0,243.0,31,8.0,23,0.9166667,3863.0,2021.0,Ramsinniementie,25.1199060794359,60.1995636503578,18
553,4.0,1.0,0.0,Station on,1.0,2021-08-31 23:55:02.336677+00:00,35.0,243.0,31,8.0,23,0.9166667,3863.0,2021.0,Metsänneidonpolku,24.806152,60.186731,19
312,25.0,1.0,0.0,Station on,1.0,2021-08-31 23:55:02.336677+00:00,35.0,243.0,31,8.0,23,0.9166667,3863.0,2021.0,Meri-Rastilan tori,25.1194224144705,60.2041542257304,16
313,1.0,1.0,0.0,Station on,1.0,2021-08-31 23:55:02.336677+00:00,35.0,243.0,31,8.0,23,0.9166667,3863.0,2021.0,Rastila (M),25.1201408621083,60.2055354689175,16
555,5.0,1.0,0.0,Station on,1.0,2021-08-31 23:55:02.336677+00:00,35.0,243.0,31,8.0,23,0.9166667,3863.0,2021.0,Kalevalantie,24.804022,60.184765,21
314,4.0,1.0,0.0,Station on,1.0,2021-08-31 23:55:02.336677+00:00,35.0,243.0,31,8.0,23,0.9166667,3863.0,2021.0,Lokitie,25.1365036011866,60.2095580685415,18
315,3.0,1.0,0.0,Station on,1.0,2021-08-31 23:55:02.336677+00:00,35.0,243.0,31,8.0,23,0.9166667,3863.0,2021.0,Vuosaaren liikuntapuisto,25.1534645734222,60.2122976062757,18
557,20.0,1.0,0.0,Station on,1.0,2021-08-31 23:55:02.336677+00:00,35.0,243.0,31,8.0,23,0.9166667,3863.0,2021.0,Louhentori,24.796959,60.18715,16
316,11.0,1.0,0.0,Station on,1.0,2021-08-31 23:55:02.336677+00:00,35.0,243.0,31,8.0,23,0.9166667,3863.0,2021.0,Punakiventie,25.1467500568672,60.2140014852962,16
317,21.0,1.0,0.0,Station on,1.0,2021-08-31 23:55:02.336677+00:00,35.0,243.0,31,8.0,23,0.9166667,3863.0,2021.0,Haapasaarentie,25.146787178183,60.2187766341847,18
559,20.0,1.0,0.0,Station on,1.0,2021-08-31 23:55:02.336677+00:00,35.0,243.0,31,8.0,23,0.9166667,3863.0,2021.0,Pohjankulma,24.794014,60.18288,25
318,5.0,1.0,0.0,Station on,1.0,2021-08-31 23:55:02.336677+00:00,35.0,243.0,31,8.0,23,0.9166667,3863.0,2021.0,Vuosaaren puistopolku,25.1410953624725,60.221320897051,14
319,14.0,1.0,0.0,Station on,1.0,2021-08-31 23:55:02.336677+00:00,35.0,243.0,31,8.0,23,0.9166667,3863.0,2021.0,Purjetie,25.1338286912921,60.2196483224979,18
561,5.0,1.0,0.0,Station on,1.0,2021-08-31 23:55:02.336677+00:00,35.0,243.0,31,8.0,23,0.9166667,3863.0,2021.0,Koivu-Mankkaa,24.78576,60.182976,23
320,5.0,1.0,0.0,Station on,1.0,2021-08-31 23:55:02.336677+00:00,35.0,243.0,31,8.0,23,0.9166667,3863.0,2021.0,Koukkusaarentie,25.1342325127583,60.213980722047,16
200,15.0,1.0,0.0,Station on,1.0,2021-08-31 23:55:02.336677+00:00,35.0,243.0,31,8.0,23,0.9166667,3863.0,2021.0,West Terminal,24.9152135431213,60.1504730320499,24
321,12.0,1.0,0.0,Station on,1.0,2021-08-31 23:55:02.336677+00:00,35.0,243.0,31,8.0,23,0.9166667,3863.0,2021.0,Vartioharjuntie,25.110914414719,60.2208894708644,14
563,27.0,1.0,0.0,Station on,1.0,2021-08-31 23:55:02.336677+00:00,35.0,243.0,31,8.0,23,0.9166667,3863.0,2021.0,Mankkaanlaaksontie,24.780478,60.188706,26
201,17.0,1.0,0.0,Station on,1.0,2021-08-31 23:55:02.336677+00:00,35.0,243.0,31,8.0,23,0.9166667,3863.0,2021.0,Länsisatamankuja,24.9120898275496,60.1569514968019,14
322,11.0,1.0,0.0,Station on,1.0,2021-08-31 23:55:02.336677+00:00,35.0,243.0,31,8.0,23,0.9166667,3863.0,2021.0,Rukatunturintie,25.1275969785102,60.2312813452731,14
202,15.0,1.0,0.0,Station on,1.0,2021-08-31 23:55:02.336677+00:00,35.0,243.0,31,8.0,23,0.9166667,3863.0,2021.0,Merihaka,24.9585285446676,60.1780749105533,16
323,1.0,1.0,0.0,Station on,1.0,2021-08-31 23:55:02.336677+00:00,35.0,243.0,31,8.0,23,0.9166667,3863.0,2021.0,Sallatunturintie,25.118300016596,60.2367409143469,16
565,15.0,1.0,0.0,Station on,1.0,2021-08-31 23:55:02.336677+00:00,35.0,243.0,31,8.0,23,0.9166667,3863.0,2021.0,Mankkaanaukio,24.769021,60.194599,20
203,1.0,1.0,0.0,Station on,1.0,2021-08-31 23:55:02.336677+00:00,35.0,243.0,31,8.0,23,0.9166667,3863.0,2021.0,Opastinsilta,24.9381525773313,60.1992657652357,40
324,5.0,1.0,0.0,Station on,1.0,2021-08-31 23:55:02.336677+00:00,35.0,243.0,31,8.0,23,0.9166667,3863.0,2021.0,Sinkilätie,25.1110602327979,60.2329614527257,16
204,1.0,1.0,0.0,Station on,1.0,2021-08-31 23:55:02.336677+00:00,35.0,243.0,31,8.0,23,0.9166667,3863.0,2021.0,A.I. Virtasen aukio,24.9620788508104,60.2055418168461,24
325,25.0,1.0,0.0,Station on,1.0,2021-08-31 23:55:02.336677+00:00,35.0,243.0,31,8.0,23,0.9166667,3863.0,2021.0,Mellunmäki (M),25.1098747367064,60.2385353540219,20
205,1.0,1.0,0.0,Station on,1.0,2021-08-31 23:55:02.336677+00:00,35.0,243.0,31,8.0,23,0.9166667,3863.0,2021.0,Ilmala Station,24.9222198886664,60.2066264297482,16
326,1.0,1.0,0.0,Station on,1.0,2021-08-31 23:55:02.336677+00:00,35.0,243.0,31,8.0,23,0.9166667,3863.0,2021.0,Tuukkalantie,25.1007232150956,60.2388442456374,16
206,5.0,1.0,0.0,Station on,1.0,2021-08-31 23:55:02.336677+00:00,35.0,243.0,31,8.0,23,0.9166667,3863.0,2021.0,Ruskeasuo depot,24.8986678907757,60.2076799515229,14
327,2.0,1.0,0.0,Station on,1.0,2021-08-31 23:55:02.336677+00:00,35.0,243.0,31,8.0,23,0.9166667,3863.0,2021.0,Humikkalankuja,25.0900641525363,60.2298249948271,16
207,11.0,1.0,0.0,Station on,1.0,2021-08-31 23:55:02.336677+00:00,35.0,243.0,31,8.0,23,0.9166667,3863.0,2021.0,Vanha Viertotie,24.8816602535719,60.2110752881999,16
328,0.0,1.0,0.0,Station on,1.0,2021-08-31 23:55:02.336677+00:00,35.0,243.0,31,8.0,23,0.9166667,3863.0,2021.0,Lallukankuja,25.082971174464,60.2235265780465,12
208,2.0,1.0,0.0,Station on,1.0,2021-08-31 23:55:02.336677+00:00,35.0,243.0,31,8.0,23,0.9166667,3863.0,2021.0,Valimotie,24.8765290693421,60.2159693222985,24
329,2.0,1.0,0.0,Station on,1.0,2021-08-31 23:55:02.336677+00:00,35.0,243.0,31,8.0,23,0.9166667,3863.0,2021.0,Kurkimäki,25.0716416497357,60.2282903943644,16
209,7.0,1.0,0.0,Station on,1.0,2021-08-31 23:55:02.336677+00:00,35.0,243.0,31,8.0,23,0.9166667,3863.0,2021.0,Takomotie,24.8710464686467,60.2178996244041,14
571,21.0,1.0,0.0,Station on,1.0,2021-08-31 23:55:02.336677+00:00,35.0,243.0,31,8.0,23,0.9166667,3863.0,2021.0,Tapiola Sports Park,24.784654,60.177749,32
330,0.0,1.0,0.0,Station on,1.0,2021-08-31 23:55:02.336677+00:00,35.0,243.0,31,8.0,23,0.9166667,3863.0,2021.0,Kontula (M),25.0826095549619,60.2360953526154,20
210,1.0,1.0,0.0,Station on,1.0,2021-08-31 23:55:02.336677+00:00,35.0,243.0,31,8.0,23,0.9166667,3863.0,2021.0,Pajamäki,24.8556743832861,60.2188213176358,12
331,4.0,1.0,0.0,Station on,1.0,2021-08-31 23:55:02.336677+00:00,35.0,243.0,31,8.0,23,0.9166667,3863.0,2021.0,Lettopolku,25.0855297731565,60.240913939764,16
573,46.0,1.0,0.0,Station on,1.0,2021-08-31 23:55:02.336677+00:00,35.0,243.0,31,8.0,23,0.9166667,3863.0,2021.0,Sports Park (M),24.779428,60.17465,28
211,15.0,1.0,0.0,Station on,1.0,2021-08-31 23:55:02.336677+00:00,35.0,243.0,31,8.0,23,0.9166667,3863.0,2021.0,Haagan tori,24.898930057033,60.2121115807155,16
332,11.0,1.0,0.0,Station on,1.0,2021-08-31 23:55:02.336677+00:00,35.0,243.0,31,8.0,23,0.9166667,3863.0,2021.0,Kontulankaari,25.076226580763,60.2438416352054,16
212,14.0,1.0,0.0,Station on,1.0,2021-08-31 23:55:02.336677+00:00,35.0,243.0,31,8.0,23,0.9166667,3863.0,2021.0,Tunnelitie,24.8995694064157,60.2166149334764,14
333,0.0,1.0,0.0,Station on,1.0,2021-08-31 23:55:02.336677+00:00,35.0,243.0,31,8.0,23,0.9166667,3863.0,2021.0,Kivikonkaari,25.0746433427518,60.2399042915928,14
575,9.0,1.0,0.0,Station on,1.0,2021-08-31 23:55:02.336677+00:00,35.0,243.0,31,8.0,23,0.9166667,3863.0,2021.0,Tontunmäentie,24.769667,60.176107,16
213,4.0,1.0,0.0,Station on,1.0,2021-08-31 23:55:02.336677+00:00,35.0,243.0,31,8.0,23,0.9166667,3863.0,2021.0,Huopalahti Station,24.8950577369046,60.2180961357994,20
334,15.0,1.0,0.0,Station on,1.0,2021-08-31 23:55:02.336677+00:00,35.0,243.0,31,8.0,23,0.9166667,3863.0,2021.0,Varustuksentie,25.0668572558023,60.2391310073666,14
214,2.0,1.0,0.0,Station on,1.0,2021-08-31 23:55:02.336677+00:00,35.0,243.0,31,8.0,23,0.9166667,3863.0,2021.0,Valimo Station,24.8758443985049,60.2223022514537,20
335,0.0,1.0,0.0,Station on,1.0,2021-08-31 23:55:02.336677+00:00,35.0,243.0,31,8.0,23,0.9166667,3863.0,2021.0,Kurkimäentie,25.0626083649392,60.2331943880568,16
577,46.0,1.0,0.0,Station on,1.0,2021-08-31 23:55:02.336677+00:00,35.0,243.0,31,8.0,23,0.9166667,3863.0,2021.0,Olarinluoma,24.760606,60.180848,18
215,4.0,1.0,0.0,Station on,1.0,2021-08-31 23:55:02.336677+00:00,35.0,243.0,31,8.0,23,0.9166667,3863.0,2021.0,Pitäjänmäki Station,24.8586292857926,60.2243090934475,16
336,2.0,1.0,0.0,Station on,1.0,2021-08-31 23:55:02.336677+00:00,35.0,243.0,31,8.0,23,0.9166667,3863.0,2021.0,Kivikonlaita,25.0549152254879,60.230462178329,16
216,2.0,1.0,0.0,Station on,1.0,2021-08-31 23:55:02.336677+00:00,35.0,243.0,31,8.0,23,0.9166667,3863.0,2021.0,Jännetie,24.8535714902996,60.2267575847976,12
337,12.0,1.0,0.0,Station on,1.0,2021-08-31 23:55:02.336677+00:00,35.0,243.0,31,8.0,23,0.9166667,3863.0,2021.0,Kivikko sports park,25.0524695830581,60.23703581972,16
579,12.0,1.0,0.0,Station on,1.0,2021-08-31 23:55:02.336677+00:00,35.0,243.0,31,8.0,23,0.9166667,3863.0,2021.0,Niittymaa,24.775913,60.171127,21
217,7.0,1.0,0.0,Station on,1.0,2021-08-31 23:55:02.336677+00:00,35.0,243.0,31,8.0,23,0.9166667,3863.0,2021.0,Marttila,24.8732133049419,60.2271498086552,16
338,7.0,1.0,0.0,Station on,1.0,2021-08-31 23:55:02.336677+00:00,35.0,243.0,31,8.0,23,0.9166667,3863.0,2021.0,Jakomäentie,25.0743775866131,60.2537712252939,16
218,1.0,1.0,0.0,Station on,1.0,2021-08-31 23:55:02.336677+00:00,35.0,243.0,31,8.0,23,0.9166667,3863.0,2021.0,Pohjois-Haaga Station,24.8830806372706,60.2300717042706,16
339,3.0,1.0,0.0,Station on,1.0,2021-08-31 23:55:02.336677+00:00,35.0,243.0,31,8.0,23,0.9166667,3863.0,2021.0,Alppikylä,25.0648942053969,60.259431119227,14
219,3.0,1.0,0.0,Station on,1.0,2021-08-31 23:55:02.336677+00:00,35.0,243.0,31,8.0,23,0.9166667,3863.0,2021.0,Näyttelijäntie,24.887547040742,60.2328640962858,16
581,22.0,1.0,0.0,Station on,1.0,2021-08-31 23:55:02.336677+00:00,35.0,243.0,31,8.0,23,0.9166667,3863.0,2021.0,Niittykumpu (M),24.763184,60.170758,35
340,0.0,1.0,0.0,Station on,1.0,2021-08-31 23:55:02.336677+00:00,35.0,243.0,31,8.0,23,0.9166667,3863.0,2021.0,Jakomäki,25.0759055985793,60.2610194104155,16
220,5.0,1.0,0.0,Station on,1.0,2021-08-31 23:55:02.336677+00:00,35.0,243.0,31,8.0,23,0.9166667,3863.0,2021.0,Ida Aalbergin tie,24.8952023541771,60.2295326765972,18
341,14.0,1.0,0.0,Station on,1.0,2021-08-31 23:55:02.336677+00:00,35.0,243.0,31,8.0,23,0.9166667,3863.0,2021.0,Heikinlaakso,25.0727127107009,60.2701965544061,16
583,6.0,1.0,0.0,Station on,1.0,2021-08-31 23:55:02.336677+00:00,35.0,243.0,31,8.0,23,0.9166667,3863.0,2021.0,Haukilahdenkatu,24.772708,60.166481,16
100,9.0,1.0,0.0,Station on,1.0,2021-08-31 23:55:02.336677+00:00,35.0,243.0,31,8.0,23,0.9166667,3863.0,2021.0,Teljäntie,24.8686567195812,60.209690428765,12
221,6.0,1.0,0.0,Station on,1.0,2021-08-31 23:55:02.336677+00:00,35.0,243.0,31,8.0,23,0.9166667,3863.0,2021.0,Thalianaukio,24.8947958642764,60.2253423108921,14
342,17.0,1.0,0.0,Station on,1.0,2021-08-31 23:55:02.336677+00:00,35.0,243.0,31,8.0,23,0.9166667,3863.0,2021.0,Puistolan VPK,25.0575355661699,60.2700856600164,18
101,19.0,1.0,0.0,Station on,1.0,2021-08-31 23:55:02.336677+00:00,35.0,243.0,31,8.0,23,0.9166667,3863.0,2021.0,Munkkivuori Shopping Center,24.8798066035013,60.2059834138688,24
222,4.0,1.0,0.0,Station on,1.0,2021-08-31 23:55:02.336677+00:00,35.0,243.0,31,8.0,23,0.9166667,3863.0,2021.0,Huovitie,24.9032866466572,60.2219755272546,12
343,15.0,1.0,0.0,Station on,1.0,2021-08-31 23:55:02.336677+00:00,35.0,243.0,31,8.0,23,0.9166667,3863.0,2021.0,Puistolantori,25.0458546004102,60.2743699271658,12
585,5.0,1.0,0.0,Station on,1.0,2021-08-31 23:55:02.336677+00:00,35.0,243.0,31,8.0,23,0.9166667,3863.0,2021.0,Haukilahdenaukio,24.775882,60.162396,16
223,4.0,1.0,0.0,Station on,1.0,2021-08-31 23:55:02.336677+00:00,35.0,243.0,31,8.0,23,0.9166667,3863.0,2021.0,Hämeenlinnanväylä,24.9028322456731,60.2274510674778,14
344,5.0,1.0,0.0,Station on,1.0,2021-08-31 23:55:02.336677+00:00,35.0,243.0,31,8.0,23,0.9166667,3863.0,2021.0,Puistolan asema,25.0343501212405,60.2751896029642,16
103,9.0,1.0,0.0,Station on,1.0,2021-08-31 23:55:02.336677+00:00,35.0,243.0,31,8.0,23,0.9166667,3863.0,2021.0,Vihdintie,24.8895209008125,60.2089249922173,16
224,9.0,1.0,0.0,Station on,1.0,2021-08-31 23:55:02.336677+00:00,35.0,243.0,31,8.0,23,0.9166667,3863.0,2021.0,Vesakkotie,24.9266153826484,60.2279595153713,12
345,17.0,1.0,0.0,Station on,1.0,2021-08-31 23:55:02.336677+00:00,35.0,243.0,31,8.0,23,0.9166667,3863.0,2021.0,Porvarintie,25.032655333,60.27189034,16
587,2.0,1.0,0.0,Station on,1.0,2021-08-31 23:55:02.336677+00:00,35.0,243.0,31,8.0,23,0.9166667,3863.0,2021.0,Hauenkallio,24.767831,60.162477,12
104,19.0,1.0,0.0,Station on,1.0,2021-08-31 23:55:02.336677+00:00,35.0,243.0,31,8.0,23,0.9166667,3863.0,2021.0,Kriikunakuja,24.8916816998729,60.2056784923064,16
225,3.0,1.0,0.0,Station on,1.0,2021-08-31 23:55:02.336677+00:00,35.0,243.0,31,8.0,23,0.9166667,3863.0,2021.0,Maunula,24.9325030021006,60.2303828796011,16
346,4.0,1.0,0.0,Station on,1.0,2021-08-31 23:55:02.336677+00:00,35.0,243.0,31,8.0,23,0.9166667,3863.0,2021.0,Maatullinkuja,25.0246919817259,60.2762367892689,18
105,9.0,1.0,0.0,Station on,1.0,2021-08-31 23:55:02.336677+00:00,35.0,243.0,31,8.0,23,0.9166667,3863.0,2021.0,Tilkantori,24.8933660254613,60.2027828953059,16
226,2.0,1.0,0.0,Station on,1.0,2021-08-31 23:55:02.336677+00:00,35.0,243.0,31,8.0,23,0.9166667,3863.0,2021.0,Lepolantie,24.9286046557082,60.2390854029504,14
347,20.0,1.0,0.0,Station on,1.0,2021-08-31 23:55:02.336677+00:00,35.0,243.0,31,8.0,23,0.9166667,3863.0,2021.0,Sateenkaarentie,25.0110629825049,60.2807560752423,18
589,37.0,1.0,0.0,Station on,1.0,2021-08-31 23:55:02.336677+00:00,35.0,243.0,31,8.0,23,0.9166667,3863.0,2021.0,Haukilahdenranta,24.769864,60.158048,16
106,2.0,1.0,0.0,Station on,1.0,2021-08-31 23:55:02.336677+00:00,35.0,243.0,31,8.0,23,0.9166667,3863.0,2021.0,Korppaanmäentie,24.898929699376,60.2034734922503,16
227,5.0,1.0,0.0,Station on,1.0,2021-08-31 23:55:02.336677+00:00,35.0,243.0,31,8.0,23,0.9166667,3863.0,2021.0,Kylävoudintie,24.9525612440734,60.2244037765729,14
348,9.0,1.0,0.0,Station on,1.0,2021-08-31 23:55:02.336677+00:00,35.0,243.0,31,8.0,23,0.9166667,3863.0,2021.0,Siltamäki,24.9893966166804,60.2744670938261,12
107,12.0,1.0,0.0,Station on,1.0,2021-08-31 23:55:02.336677+00:00,35.0,243.0,31,8.0,23,0.9166667,3863.0,2021.0,Tenholantie,24.9054367957033,60.202377405156,18
228,1.0,1.0,0.0,Station on,1.0,2021-08-31 23:55:02.336677+00:00,35.0,243.0,31,8.0,23,0.9166667,3863.0,2021.0,Kustaankartano,24.9487651621964,60.2307028618145,20
349,16.0,1.0,0.0,Station on,1.0,2021-08-31 23:55:02.336677+00:00,35.0,243.0,31,8.0,23,0.9166667,3863.0,2021.0,Töyrynummentie,25.0039702918602,60.2719623839468,16
108,9.0,1.0,0.0,Station on,1.0,2021-08-31 23:55:02.336677+00:00,35.0,243.0,31,8.0,23,0.9166667,3863.0,2021.0,Radiokatu,24.9182184498931,60.2050064264488,12
229,11.0,1.0,0.0,Station on,1.0,2021-08-31 23:55:02.336677+00:00,35.0,243.0,31,8.0,23,0.9166667,3863.0,2021.0,Käskynhaltijantie,24.957934116941,60.2332319429452,18
109,19.0,1.0,0.0,Station on,1.0,2021-08-31 23:55:02.336677+00:00,35.0,243.0,31,8.0,23,0.9166667,3863.0,2021.0,Hertanmäenkatu,24.9223311437335,60.2026940388763,20
591,26.0,1.0,0.0,Station on,1.0,2021-08-31 23:55:02.336677+00:00,35.0,243.0,31,8.0,23,0.9166667,3863.0,2021.0,Mellstenintie,24.773993,60.154941,25
350,21.0,1.0,0.0,Station on,1.0,2021-08-31 23:55:02.336677+00:00,35.0,243.0,31,8.0,23,0.9166667,3863.0,2021.0,Töyrynummi,24.9929902179008,60.2671467662216,14
230,5.0,1.0,0.0,Station on,1.0,2021-08-31 23:55:02.336677+00:00,35.0,243.0,31,8.0,23,0.9166667,3863.0,2021.0,Mäkitorpantie,24.9603356197765,60.2285300629765,18
351,29.0,1.0,0.0,Station on,1.0,2021-08-31 23:55:02.336677+00:00,35.0,243.0,31,8.0,23,0.9166667,3863.0,2021.0,Kotinummentie,25.0135723691851,60.2675063004499,16
593,8.0,1.0,0.0,Station on,1.0,2021-08-31 23:55:02.336677+00:00,35.0,243.0,31,8.0,23,0.9166667,3863.0,2021.0,Toppelundintie,24.782477,60.1591405,12
110,3.0,1.0,0.0,Station on,1.0,2021-08-31 23:55:02.336677+00:00,35.0,243.0,31,8.0,23,0.9166667,3863.0,2021.0,Maistraatintori,24.9248733985577,60.1991509808314,20
231,5.0,1.0,0.0,Station on,1.0,2021-08-31 23:55:02.336677+00:00,35.0,243.0,31,8.0,23,0.9166667,3863.0,2021.0,Siltavoudintie,24.9649692401006,60.2337172192606,16
352,2.0,1.0,0.0,Station on,1.0,2021-08-31 23:55:02.336677+00:00,35.0,243.0,31,8.0,23,0.9166667,3863.0,2021.0,Tapanila railway station,25.0281239739891,60.2633039538104,12
111,1.0,1.0,0.0,Station on,1.0,2021-08-31 23:55:02.336677+00:00,35.0,243.0,31,8.0,23,0.9166667,3863.0,2021.0,Esterinportti,24.9267808000548,60.1975723919044,20
232,7.0,1.0,0.0,Station on,1.0,2021-08-31 23:55:02.336677+00:00,35.0,243.0,31,8.0,23,0.9166667,3863.0,2021.0,Oulunkylä Station,24.9667185624345,60.2291001546027,14
353,29.0,1.0,0.0,Station on,1.0,2021-08-31 23:55:02.336677+00:00,35.0,243.0,31,8.0,23,0.9166667,3863.0,2021.0,Helluntairaitti,25.0368876017095,60.2632142978322,20
595,1.0,1.0,0.0,Station on,1.0,2021-08-31 23:55:02.336677+00:00,35.0,243.0,31,8.0,23,0.9166667,3863.0,2021.0,Westendintie,24.791754,60.158194,16
112,30.0,1.0,0.0,Station on,1.0,2021-08-31 23:55:02.336677+00:00,35.0,243.0,31,8.0,23,0.9166667,3863.0,2021.0,Rautatieläisenkatu,24.9332721002285,60.2014381920031,22
233,4.0,1.0,0.0,Station on,1.0,2021-08-31 23:55:02.336677+00:00,35.0,243.0,31,8.0,23,0.9166667,3863.0,2021.0,Kirkkoherrantie,24.9728193757834,60.2249303574235,10
354,13.0,1.0,0.0,Station on,1.0,2021-08-31 23:55:02.336677+00:00,35.0,243.0,31,8.0,23,0.9166667,3863.0,2021.0,Saniaiskuja,25.0290905800296,60.25909156602,16
596,34.0,1.0,0.0,Station on,1.0,2021-08-31 23:55:02.336677+00:00,35.0,243.0,31,8.0,23,0.9166667,3863.0,2021.0,Toppelundinportti,24.7848628,60.1624471,20
113,0.0,1.0,0.0,Station on,1.0,2021-08-31 23:55:02.336677+00:00,35.0,243.0,31,8.0,23,0.9166667,3863.0,2021.0,Pasila railway station,24.932799079033,60.1982108580315,40
234,16.0,1.0,0.0,Station on,1.0,2021-08-31 23:55:02.336677+00:00,35.0,243.0,31,8.0,23,0.9166667,3863.0,2021.0,Otto Brandtin tie,24.9781389181685,60.2317840575086,20
355,8.0,1.0,0.0,Station on,1.0,2021-08-31 23:55:02.336677+00:00,35.0,243.0,31,8.0,23,0.9166667,3863.0,2021.0,Halmetie,25.0176577469294,60.2609068068142,16
597,3.0,1.0,0.0,Station on,1.0,2021-08-31 23:55:02.336677+00:00,35.0,243.0,31,8.0,23,0.9166667,3863.0,2021.0,Linnakepolku,24.790132,60.1637,10
114,0.0,1.0,0.0,Station on,1.0,2021-08-31 23:55:02.336677+00:00,35.0,243.0,31,8.0,23,0.9166667,3863.0,2021.0,Ratapihantie,24.9366332542312,60.1964208157658,20
235,30.0,1.0,0.0,Station on,1.0,2021-08-31 23:55:02.336677+00:00,35.0,243.0,31,8.0,23,0.9166667,3863.0,2021.0,Katariina Saksilaisen katu,24.9844208812225,60.2172068185826,16
356,2.0,1.0,0.0,Station on,1.0,2021-08-31 23:55:02.336677+00:00,35.0,243.0,31,8.0,23,0.9166667,3863.0,2021.0,Laulurastaantie,25.0033102423416,60.2608846521727,14
115,0.0,1.0,0.0,Station on,1.0,2021-08-31 23:55:02.336677+00:00,35.0,243.0,31,8.0,23,0.9166667,3863.0,2021.0,Venttiilikuja,24.9415225602343,60.1941915204257,16
236,5.0,1.0,0.0,Station on,1.0,2021-08-31 23:55:02.336677+00:00,35.0,243.0,31,8.0,23,0.9166667,3863.0,2021.0,Hernepellontie,24.9886129703087,60.2242412608413,14
357,16.0,1.0,0.0,Station on,1.0,2021-08-31 23:55:02.336677+00:00,35.0,243.0,31,8.0,23,0.9166667,3863.0,2021.0,Vanha Tapanilantie,24.9897538768656,60.2596990442275,16
116,14.0,1.0,0.0,Station on,1.0,2021-08-31 23:55:02.336677+00:00,35.0,243.0,31,8.0,23,0.9166667,3863.0,2021.0,Linnanmäki Amusement Park,24.9401592995968,60.1911410923558,32
237,4.0,1.0,0.0,Station on,1.0,2021-08-31 23:55:02.336677+00:00,35.0,243.0,31,8.0,23,0.9166667,3863.0,2021.0,Aulangontie,24.9985804201601,60.2302596315427,16
358,1.0,1.0,0.0,Station on,1.0,2021-08-31 23:55:02.336677+00:00,35.0,243.0,31,8.0,23,0.9166667,3863.0,2021.0,Syystie,24.9986055764439,60.256671174374,18
117,10.0,1.0,0.0,Station on,1.0,2021-08-31 23:55:02.336677+00:00,35.0,243.0,31,8.0,23,0.9166667,3863.0,2021.0,Brahen puistikko,24.9481257001872,60.1896657985504,12
238,4.0,1.0,0.0,Station on,1.0,2021-08-31 23:55:02.336677+00:00,35.0,243.0,31,8.0,23,0.9166667,3863.0,2021.0,Pihlajamäki,25.0103139042596,60.2345785634218,16
359,8.0,1.0,0.0,Station on,1.0,2021-08-31 23:55:02.336677+00:00,35.0,243.0,31,8.0,23,0.9166667,3863.0,2021.0,Malmi Hospital,25.0028280196256,60.2541586216461,16
118,9.0,1.0,0.0,Station on,1.0,2021-08-31 23:55:02.336677+00:00,35.0,243.0,31,8.0,23,0.9166667,3863.0,2021.0,Fleminginkatu,24.952206700403,60.1895253157117,22
239,1.0,1.0,0.0,Station on,1.0,2021-08-31 23:55:02.336677+00:00,35.0,243.0,31,8.0,23,0.9166667,3863.0,2021.0,Viikki Science Park,25.0100484016428,60.2275394155784,28
119,4.0,1.0,0.0,Station on,1.0,2021-08-31 23:55:02.336677+00:00,35.0,243.0,31,8.0,23,0.9166667,3863.0,2021.0,Gebhardinaukio,24.9550767908172,60.1911804709255,20
360,1.0,1.0,0.0,Station on,1.0,2021-08-31 23:55:02.336677+00:00,35.0,243.0,31,8.0,23,0.9166667,3863.0,2021.0,Malmi railway station,25.0091215694658,60.2523255258372,24
240,27.0,1.0,0.0,Station on,1.0,2021-08-31 23:55:02.336677+00:00,35.0,243.0,31,8.0,23,0.9166667,3863.0,2021.0,Viikki Teacher Training School,25.0275940265593,60.2274649666156,20
361,2.0,1.0,0.0,Station on,1.0,2021-08-31 23:55:02.336677+00:00,35.0,243.0,31,8.0,23,0.9166667,3863.0,2021.0,Huhtakuja,25.0131080169475,60.2575633298897,16
120,2.0,1.0,0.0,Station on,1.0,2021-08-31 23:55:02.336677+00:00,35.0,243.0,31,8.0,23,0.9166667,3863.0,2021.0,Mäkelänkatu,24.9633904702172,60.1896359907606,28
241,28.0,1.0,0.0,Station on,1.0,2021-08-31 23:55:02.336677+00:00,35.0,243.0,31,8.0,23,0.9166667,3863.0,2021.0,Agronominkatu,25.0328574018929,60.2340530021105,24
362,34.0,1.0,0.0,Station on,1.0,2021-08-31 23:55:02.336677+00:00,35.0,243.0,31,8.0,23,0.9166667,3863.0,2021.0,Teerisuontie,25.0214900833646,60.2533940877891,14
121,3.0,1.0,0.0,Station on,1.0,2021-08-31 23:55:02.336677+00:00,35.0,243.0,31,8.0,23,0.9166667,3863.0,2021.0,Vilhonvuorenkatu,24.967854123638,60.1864553029206,16
242,3.0,1.0,0.0,Station on,1.0,2021-08-31 23:55:02.336677+00:00,35.0,243.0,31,8.0,23,0.9166667,3863.0,2021.0,Von Daehnin katu,25.0436178847114,60.2303443513437,14
363,6.0,1.0,0.0,Station on,1.0,2021-08-31 23:55:02.336677+00:00,35.0,243.0,31,8.0,23,0.9166667,3863.0,2021.0,Väärämäentie,25.0297267023462,60.2426928298539,12
1,7.0,1.0,0.0,Station on,1.0,2021-08-31 23:55:02.336677+00:00,35.0,243.0,31,8.0,23,0.9166667,3863.0,2021.0,Kaivopuisto,24.9502114714031,60.155369615074,30
122,21.0,1.0,0.0,Station on,1.0,2021-08-31 23:55:02.336677+00:00,35.0,243.0,31,8.0,23,0.9166667,3863.0,2021.0,Lintulahdenkatu,24.962063375375,60.1836809119419,24
243,11.0,1.0,0.0,Station on,1.0,2021-08-31 23:55:02.336677+00:00,35.0,243.0,31,8.0,23,0.9166667,3863.0,2021.0,Mustikkamaa,24.992105405271,60.181844391759,20
364,3.0,1.0,0.0,Station on,1.0,2021-08-31 23:55:02.336677+00:00,35.0,243.0,31,8.0,23,0.9166667,3863.0,2021.0,Ala-Malmin tori,25.0132371443462,60.2503063500603,20
2,6.0,1.0,0.0,Station on,1.0,2021-08-31 23:55:02.336677+00:00,35.0,243.0,31,8.0,23,0.9166667,3863.0,2021.0,Laivasillankatu,24.9565097715858,60.1609890692806,12
123,17.0,1.0,0.0,Station on,1.0,2021-08-31 23:55:02.336677+00:00,35.0,243.0,31,8.0,23,0.9166667,3863.0,2021.0,Näkinsilta,24.9554449266327,60.179750209022,24
244,7.0,1.0,0.0,Station on,1.0,2021-08-31 23:55:02.336677+00:00,35.0,243.0,31,8.0,23,0.9166667,3863.0,2021.0,Relanderinaukio,25.0058079125449,60.1858547331594,16
365,5.0,1.0,0.0,Station on,1.0,2021-08-31 23:55:02.336677+00:00,35.0,243.0,31,8.0,23,0.9166667,3863.0,2021.0,Karviaistie,25.0078604417066,60.2468453049551,16
3,15.0,1.0,0.0,Station on,1.0,2021-08-31 23:55:02.336677+00:00,35.0,243.0,31,8.0,23,0.9166667,3863.0,2021.0,Kapteeninpuistikko,24.9450181631667,60.1581769029949,16
124,16.0,1.0,0.0,Station on,1.0,2021-08-31 23:55:02.336677+00:00,35.0,243.0,31,8.0,23,0.9166667,3863.0,2021.0,Isoisänsilta,24.9817926053222,60.1826518123339,18
245,1.0,1.0,0.0,Station on,1.0,2021-08-31 23:55:02.336677+00:00,35.0,243.0,31,8.0,23,0.9166667,3863.0,2021.0,Kulosaari (M),25.0064636871854,60.1889293103178,20
366,7.0,1.0,0.0,Station on,1.0,2021-08-31 23:55:02.336677+00:00,35.0,243.0,31,8.0,23,0.9166667,3863.0,2021.0,Tilketori,25.0039930501515,60.2498265610789,20
4,9.0,1.0,0.0,Station on,1.0,2021-08-31 23:55:02.336677+00:00,35.0,243.0,31,8.0,23,0.9166667,3863.0,2021.0,Viiskulma,24.9417758006418,60.1609858921764,14
125,16.0,1.0,0.0,Station on,1.0,2021-08-31 23:55:02.336677+00:00,35.0,243.0,31,8.0,23,0.9166667,3863.0,2021.0,Arielinkatu,24.9797385551711,60.1859217406831,16
246,4.0,1.0,0.0,Station on,1.0,2021-08-31 23:55:02.336677+00:00,35.0,243.0,31,8.0,23,0.9166667,3863.0,2021.0,Tupasaarentie,25.0153289779219,60.1878871226314,12
367,16.0,1.0,0.0,Station on,1.0,2021-08-31 23:55:02.336677+00:00,35.0,243.0,31,8.0,23,0.9166667,3863.0,2021.0,Karhusuontie,24.9870649315623,60.2517795830055,14
5,12.0,1.0,0.0,Station on,1.0,2021-08-31 23:55:02.336677+00:00,35.0,243.0,31,8.0,23,0.9166667,3863.0,2021.0,Sepänkatu,24.9362853002102,60.157948291819,32
126,10.0,1.0,0.0,Station on,1.0,2021-08-31 23:55:02.336677+00:00,35.0,243.0,31,8.0,23,0.9166667,3863.0,2021.0,Kalasatama (M),24.977153892421,60.1875308427268,24
247,22.0,1.0,0.0,Station on,1.0,2021-08-31 23:55:02.336677+00:00,35.0,243.0,31,8.0,23,0.9166667,3863.0,2021.0,Haakoninlahdenkatu,25.0208609553502,60.1688685506822,16
368,7.0,1.0,0.0,Station on,1.0,2021-08-31 23:55:02.336677+00:00,35.0,243.0,31,8.0,23,0.9166667,3863.0,2021.0,Pukinmäki sports park,24.9917239060614,60.2477323351629,14
6,8.0,1.0,0.0,Station on,1.0,2021-08-31 23:55:02.336677+00:00,35.0,243.0,31,8.0,23,0.9166667,3863.0,2021.0,Hietalahdentori,24.9296476311878,60.1622283898112,24
127,17.0,1.0,0.0,Station on,1.0,2021-08-31 23:55:02.336677+00:00,35.0,243.0,31,8.0,23,0.9166667,3863.0,2021.0,Teurastamo,24.9711566503401,60.1896945837642,30
248,8.0,1.0,0.0,Station on,1.0,2021-08-31 23:55:02.336677+00:00,35.0,243.0,31,8.0,23,0.9166667,3863.0,2021.0,Gunillantie,25.0330122371046,60.1719938510831,16
369,12.0,1.0,0.0,Station on,1.0,2021-08-31 23:55:02.336677+00:00,35.0,243.0,31,8.0,23,0.9166667,3863.0,2021.0,Pukinmäki railway station,24.9939952300621,60.2430864481668,16
7,2.0,1.0,0.0,Station on,1.0,2021-08-31 23:55:02.336677+00:00,35.0,243.0,31,8.0,23,0.9166667,3863.0,2021.0,Design Museum,24.9459599998806,60.16310319166,14
128,4.0,1.0,0.0,Station on,1.0,2021-08-31 23:55:02.336677+00:00,35.0,243.0,31,8.0,23,0.9166667,3863.0,2021.0,Päijänteentie,24.9642238002852,60.1920575919922,14
249,0.0,1.0,0.0,Station on,1.0,2021-08-31 23:55:02.336677+00:00,35.0,243.0,31,8.0,23,0.9166667,3863.0,2021.0,Isosaarentie,25.0450147987503,60.1755054994249,14
8,3.0,1.0,0.0,Station on,1.0,2021-08-31 23:55:02.336677+00:00,35.0,243.0,31,8.0,23,0.9166667,3863.0,2021.0,Vanha kirkkopuisto,24.9391145483706,60.1653538465664,24
129,11.0,1.0,0.0,Station on,1.0,2021-08-31 23:55:02.336677+00:00,35.0,243.0,31,8.0,23,0.9166667,3863.0,2021.0,Pernajantie,24.9579782365195,60.1942276026523,20
9,1.0,1.0,0.0,Station on,1.0,2021-08-31 23:55:02.336677+00:00,35.0,243.0,31,8.0,23,0.9166667,3863.0,2021.0,Erottajan aukio,24.9441887601673,60.1668948711694,44
370,18.0,1.0,0.0,Station on,1.0,2021-08-31 23:55:02.336677+00:00,35.0,243.0,31,8.0,23,0.9166667,3863.0,2021.0,Rapakiventie,25.0013676173171,60.2393196827549,16
250,14.0,1.0,0.0,Station on,1.0,2021-08-31 23:55:02.336677+00:00,35.0,243.0,31,8.0,23,0.9166667,3863.0,2021.0,Reiherintie,25.0474962642387,60.1677304952092,12
371,5.0,1.0,0.0,Station on,1.0,2021-08-31 23:55:02.336677+00:00,35.0,243.0,31,8.0,23,0.9166667,3863.0,2021.0,Savela,24.9913872585832,60.2404948542171,14
130,0.0,1.0,0.0,Station on,1.0,2021-08-31 23:55:02.336677+00:00,35.0,243.0,31,8.0,23,0.9166667,3863.0,2021.0,Teollisuuskatu,24.9487523997729,60.1934740103444,24
251,3.0,1.0,0.0,Station on,1.0,2021-08-31 23:55:02.336677+00:00,35.0,243.0,31,8.0,23,0.9166667,3863.0,2021.0,Laajasalo shopping center,25.0519120121374,60.1800091502319,16
372,16.0,1.0,0.0,Station on,1.0,2021-08-31 23:55:02.336677+00:00,35.0,243.0,31,8.0,23,0.9166667,3863.0,2021.0,Jokipellontie,24.9833214791834,60.2452177923159,16
10,4.0,1.0,0.0,Station on,1.0,2021-08-31 23:55:02.336677+00:00,35.0,243.0,31,8.0,23,0.9166667,3863.0,2021.0,Kasarmitori,24.9494728793816,60.165017172741,28
131,0.0,1.0,0.0,Station on,1.0,2021-08-31 23:55:02.336677+00:00,35.0,243.0,31,8.0,23,0.9166667,3863.0,2021.0,Elimäenkatu,24.9476290451587,60.1962195625714,24
252,4.0,1.0,0.0,Station on,1.0,2021-08-31 23:55:02.336677+00:00,35.0,243.0,31,8.0,23,0.9166667,3863.0,2021.0,Humalniementie,25.0530603555751,60.1837062881609,14
373,8.0,1.0,0.0,Station on,1.0,2021-08-31 23:55:02.336677+00:00,35.0,243.0,31,8.0,23,0.9166667,3863.0,2021.0,Mikkolantie,24.9715442521575,60.2355666358133,16
11,40.0,1.0,0.0,Station on,1.0,2021-08-31 23:55:02.336677+00:00,35.0,243.0,31,8.0,23,0.9166667,3863.0,2021.0,Unioninkatu,24.9510226994024,60.1674572921424,22
132,1.0,1.0,0.0,Station on,1.0,2021-08-31 23:55:02.336677+00:00,35.0,243.0,31,8.0,23,0.9166667,3863.0,2021.0,Hollolantie,24.9546058093258,60.1958861886173,12
253,29.0,1.0,0.0,Station on,1.0,2021-08-31 23:55:02.336677+00:00,35.0,243.0,31,8.0,23,0.9166667,3863.0,2021.0,Tammisalon aukio,25.0610604378889,60.1916636460758,20
374,14.0,1.0,0.0,Station on,1.0,2021-08-31 23:55:02.336677+00:00,35.0,243.0,31,8.0,23,0.9166667,3863.0,2021.0,Etupellonpuisto,24.95944937493,60.2419862673955,18
12,11.0,1.0,0.0,Station on,1.0,2021-08-31 23:55:02.336677+00:00,35.0,243.0,31,8.0,23,0.9166667,3863.0,2021.0,Kanavaranta,24.9584922784237,60.1684959040351,34
133,10.0,1.0,0.0,Station on,1.0,2021-08-31 23:55:02.336677+00:00,35.0,243.0,31,8.0,23,0.9166667,3863.0,2021.0,Paavalinpuisto,24.9614401060515,60.1974798068335,22
254,12.0,1.0,0.0,Station on,1.0,2021-08-31 23:55:02.336677+00:00,35.0,243.0,31,8.0,23,0.9166667,3863.0,2021.0,Agnetankuja,25.0365006704009,60.1872113457581,16
375,12.0,1.0,0.0,Station on,1.0,2021-08-31 23:55:02.336677+00:00,35.0,243.0,31,8.0,23,0.9166667,3863.0,2021.0,Piikintie,24.9581440446396,60.2488559062646,12
13,37.0,1.0,0.0,Station on,1.0,2021-08-31 23:55:02.336677+00:00,35.0,243.0,31,8.0,23,0.9166667,3863.0,2021.0,Merisotilaantori,24.9755284752387,60.1679190540567,24
134,49.0,1.0,0.0,Station on,1.0,2021-08-31 23:55:02.336677+00:00,35.0,243.0,31,8.0,23,0.9166667,3863.0,2021.0,Haukilahdenkatu,24.9676238234156,60.1985338962222,26
255,17.0,1.0,0.0,Station on,1.0,2021-08-31 23:55:02.336677+00:00,35.0,243.0,31,8.0,23,0.9166667,3863.0,2021.0,Laivalahden puistotie,25.0313242435422,60.1879616899796,16
376,18.0,1.0,0.0,Station on,1.0,2021-08-31 23:55:02.336677+00:00,35.0,243.0,31,8.0,23,0.9166667,3863.0,2021.0,Torpparinmäentie,24.9447682689237,60.2568807091704,14
135,6.0,1.0,0.0,Station on,1.0,2021-08-31 23:55:02.336677+00:00,35.0,243.0,31,8.0,23,0.9166667,3863.0,2021.0,Velodrominrinne,24.9441912064593,60.2010022969661,12
256,3.0,1.0,0.0,Station on,1.0,2021-08-31 23:55:02.336677+00:00,35.0,243.0,31,8.0,23,0.9166667,3863.0,2021.0,Herttoniemenranta,25.0261074895481,60.1902241178364,14
377,4.0,1.0,0.0,Station on,1.0,2021-08-31 23:55:02.336677+00:00,35.0,243.0,31,8.0,23,0.9166667,3863.0,2021.0,Paloheinän maja,24.9183008944604,60.2552356088463,20
15,3.0,1.0,0.0,Station on,1.0,2021-08-31 23:55:02.336677+00:00,35.0,243.0,31,8.0,23,0.9166667,3863.0,2021.0,Ritarikatu,24.9555218601895,60.1710906797301,12
136,12.0,1.0,0.0,Station on,1.0,2021-08-31 23:55:02.336677+00:00,35.0,243.0,31,8.0,23,0.9166667,3863.0,2021.0,Sofianlehdonkatu,24.9513635992833,60.2032720921502,12
257,3.0,1.0,0.0,Station on,1.0,2021-08-31 23:55:02.336677+00:00,35.0,243.0,31,8.0,23,0.9166667,3863.0,2021.0,Margareetankuja,25.0372267110383,60.1910267485051,14
378,27.0,1.0,0.0,Station on,1.0,2021-08-31 23:55:02.336677+00:00,35.0,243.0,31,8.0,23,0.9166667,3863.0,2021.0,Paloheinäntie,24.9238580658345,60.2469918098113,16
16,26.0,1.0,0.0,Station on,1.0,2021-08-31 23:55:02.336677+00:00,35.0,243.0,31,8.0,23,0.9166667,3863.0,2021.0,Liisanpuistikko,24.9613746997628,60.1741821916183,16
137,14.0,1.0,0.0,Station on,1.0,2021-08-31 23:55:02.336677+00:00,35.0,243.0,31,8.0,23,0.9166667,3863.0,2021.0,Arabia Shopping Center,24.9665718240118,60.2027696318957,30
258,8.0,1.0,0.0,Station on,1.0,2021-08-31 23:55:02.336677+00:00,35.0,243.0,31,8.0,23,0.9166667,3863.0,2021.0,Abraham Wetterin tie,25.0426533906378,60.1927661994999,16
379,8.0,1.0,0.0,Station on,1.0,2021-08-31 23:55:02.336677+00:00,35.0,243.0,31,8.0,23,0.9166667,3863.0,2021.0,Paloheinän kirjasto,24.9416682057603,60.2495097085073,18
17,0.0,1.0,0.0,Station on,1.0,2021-08-31 23:55:02.336677+00:00,35.0,243.0,31,8.0,23,0.9166667,3863.0,2021.0,Varsapuistikko,24.9494967766807,60.1730909028646,28
138,31.0,1.0,0.0,Station on,1.0,2021-08-31 23:55:02.336677+00:00,35.0,243.0,31,8.0,23,0.9166667,3863.0,2021.0,Arabiankatu,24.9770790121958,60.2064915569171,22
259,9.0,1.0,0.0,Station on,1.0,2021-08-31 23:55:02.336677+00:00,35.0,243.0,31,8.0,23,0.9166667,3863.0,2021.0,Petter Wetterin tie,25.0310806077186,60.1931499986426,20
139,32.0,1.0,0.0,Station on,1.0,2021-08-31 23:55:02.336677+00:00,35.0,243.0,31,8.0,23,0.9166667,3863.0,2021.0,Kaironkatu,24.9797040460124,60.2097104145027,16
19,0.0,1.0,0.0,Station on,1.0,2021-08-31 23:55:02.336677+00:00,35.0,243.0,31,8.0,23,0.9166667,3863.0,2021.0,Central Railway Station/East,24.9425267992462,60.1708235917114,20
380,0.0,1.0,0.0,Station on,1.0,2021-08-31 23:55:02.336677+00:00,35.0,243.0,31,8.0,23,0.9166667,3863.0,2021.0,Pirkkolan liikuntapuisto,24.9097508532821,60.232734803775,14
260,0.0,1.0,0.0,Station on,1.0,2021-08-31 23:55:02.336677+00:00,35.0,243.0,31,8.0,23,0.9166667,3863.0,2021.0,Herttoniemi (M),25.0289074357313,60.1946246004701,24
381,2.0,1.0,0.0,Station on,1.0,2021-08-31 23:55:02.336677+00:00,35.0,243.0,31,8.0,23,0.9166667,3863.0,2021.0,Maununneva,24.8989998259643,60.2444085812279,14
140,6.0,1.0,0.0,Station on,1.0,2021-08-31 23:55:02.336677+00:00,35.0,243.0,31,8.0,23,0.9166667,3863.0,2021.0,Verkatehtaanpuisto,24.9797491905267,60.2136895158892,14
261,8.0,1.0,0.0,Station on,1.0,2021-08-31 23:55:02.336677+00:00,35.0,243.0,31,8.0,23,0.9166667,3863.0,2021.0,Asentajanpuisto,25.0424582865295,60.1991534842401,16
382,22.0,1.0,0.0,Station on,1.0,2021-08-31 23:55:02.336677+00:00,35.0,243.0,31,8.0,23,0.9166667,3863.0,2021.0,Hakuninmaa,24.8970699007855,60.252967146995,16
20,4.0,1.0,0.0,Station on,1.0,2021-08-31 23:55:02.336677+00:00,35.0,243.0,31,8.0,23,0.9166667,3863.0,2021.0,Kaisaniemenpuisto,24.9433556359399,60.1732349001278,22
141,10.0,1.0,0.0,Station on,1.0,2021-08-31 23:55:02.336677+00:00,35.0,243.0,31,8.0,23,0.9166667,3863.0,2021.0,Intiankatu,24.9676246411057,60.207840227695,16
262,0.0,1.0,0.0,Station on,1.0,2021-08-31 23:55:02.336677+00:00,35.0,243.0,31,8.0,23,0.9166667,3863.0,2021.0,Siilitie (M),25.0451499077688,60.2059412826664,22
383,3.0,1.0,0.0,Station on,1.0,2021-08-31 23:55:02.336677+00:00,35.0,243.0,31,8.0,23,0.9166667,3863.0,2021.0,Kuninkaantammi,24.892757395895,60.259256054776,20
21,10.0,1.0,0.0,Station on,1.0,2021-08-31 23:55:02.336677+00:00,35.0,243.0,31,8.0,23,0.9166667,3863.0,2021.0,Töölönlahdenkatu,24.9393079129956,60.1721906837527,44
142,4.0,1.0,0.0,Station on,1.0,2021-08-31 23:55:02.336677+00:00,35.0,243.0,31,8.0,23,0.9166667,3863.0,2021.0,Koskelantie,24.946677279,60.207839984,14
263,4.0,1.0,0.0,Station on,1.0,2021-08-31 23:55:02.336677+00:00,35.0,243.0,31,8.0,23,0.9166667,3863.0,2021.0,Herttoniemi Church,25.0322254160118,60.1984720937284,16
384,4.0,1.0,0.0,Station on,1.0,2021-08-31 23:55:02.336677+00:00,35.0,243.0,31,8.0,23,0.9166667,3863.0,2021.0,Kalannintie,24.8841075429141,60.2528066323977,14
22,1.0,1.0,0.0,Station on,1.0,2021-08-31 23:55:02.336677+00:00,35.0,243.0,31,8.0,23,0.9166667,3863.0,2021.0,Central Railway Station/West,24.9397601000633,60.1706060919732,16
143,18.0,1.0,0.0,Station on,1.0,2021-08-31 23:55:02.336677+00:00,35.0,243.0,31,8.0,23,0.9166667,3863.0,2021.0,Kuikkarinne,24.8694297861453,60.1570959878378,12
264,1.0,1.0,0.0,Station on,1.0,2021-08-31 23:55:02.336677+00:00,35.0,243.0,31,8.0,23,0.9166667,3863.0,2021.0,Eränkävijäntori,25.0336255327162,60.2045796219055,16
385,1.0,1.0,0.0,Station on,1.0,2021-08-31 23:55:02.336677+00:00,35.0,243.0,31,8.0,23,0.9166667,3863.0,2021.0,Pajupillintie,24.8861026255016,60.2432353029777,16
23,0.0,1.0,0.0,Station on,1.0,2021-08-31 23:55:02.336677+00:00,35.0,243.0,31,8.0,23,0.9166667,3863.0,2021.0,Kiasma,24.9374279000749,60.1712578922641,30
144,3.0,1.0,0.0,Station on,1.0,2021-08-31 23:55:02.336677+00:00,35.0,243.0,31,8.0,23,0.9166667,3863.0,2021.0,Käpyläntie,24.9588108000086,60.2139042918024,14
265,3.0,1.0,0.0,Station on,1.0,2021-08-31 23:55:02.336677+00:00,35.0,243.0,31,8.0,23,0.9166667,3863.0,2021.0,Siilitie 9,25.0375268074421,60.209453145538,16
386,31.0,1.0,0.0,Station on,1.0,2021-08-31 23:55:02.336677+00:00,35.0,243.0,31,8.0,23,0.9166667,3863.0,2021.0,Kannelmäen liikuntapuisto,24.8788004950615,60.2437463425961,16
24,1.0,1.0,0.0,Station on,1.0,2021-08-31 23:55:02.336677+00:00,35.0,243.0,31,8.0,23,0.9166667,3863.0,2021.0,Mannerheimintie,24.9394194995361,60.1690723919948,20
145,6.0,1.0,0.0,Station on,1.0,2021-08-31 23:55:02.336677+00:00,35.0,243.0,31,8.0,23,0.9166667,3863.0,2021.0,Pohjolankatu,24.9437964005667,60.2134209918355,12
266,7.0,1.0,0.0,Station on,1.0,2021-08-31 23:55:02.336677+00:00,35.0,243.0,31,8.0,23,0.9166667,3863.0,2021.0,Siilitie 13,25.0438403800837,60.2150936967815,14
387,8.0,1.0,0.0,Station on,1.0,2021-08-31 23:55:02.336677+00:00,35.0,243.0,31,8.0,23,0.9166667,3863.0,2021.0,Shopping Center Kaari,24.8894796721591,60.2363305501839,16
25,0.0,1.0,0.0,Station on,1.0,2021-08-31 23:55:02.336677+00:00,35.0,243.0,31,8.0,23,0.9166667,3863.0,2021.0,Narinkka,24.9346069826026,60.1700420279259,40
146,4.0,1.0,0.0,Station on,1.0,2021-08-31 23:55:02.336677+00:00,35.0,243.0,31,8.0,23,0.9166667,3863.0,2021.0,Pohjolanaukio,24.9543597785941,60.2171787502601,16
267,36.0,1.0,0.0,Station on,1.0,2021-08-31 23:55:02.336677+00:00,35.0,243.0,31,8.0,23,0.9166667,3863.0,2021.0,Roihupelto,25.0550878014734,60.2093671231044,16
388,1.0,1.0,0.0,Station on,1.0,2021-08-31 23:55:02.336677+00:00,35.0,243.0,31,8.0,23,0.9166667,3863.0,2021.0,Kaustisentie,24.8814517125501,60.2378065223104,16
26,1.0,1.0,0.0,Station on,1.0,2021-08-31 23:55:02.336677+00:00,35.0,243.0,31,8.0,23,0.9166667,3863.0,2021.0,Kamppi (M),24.9305373005364,60.168609492141,32
147,0.0,1.0,0.0,Station on,1.0,2021-08-31 23:55:02.336677+00:00,35.0,243.0,31,8.0,23,0.9166667,3863.0,2021.0,Käpylä station,24.9479499152249,60.2208033078251,14
268,21.0,1.0,0.0,Station on,1.0,2021-08-31 23:55:02.336677+00:00,35.0,243.0,31,8.0,23,0.9166667,3863.0,2021.0,Porolahti school,25.0535809447117,60.1955233353498,14
389,0.0,1.0,0.0,Station on,1.0,2021-08-31 23:55:02.336677+00:00,35.0,243.0,31,8.0,23,0.9166667,3863.0,2021.0,Kannelmäki railway station,24.8766472489767,60.2393459909658,20
27,1.0,1.0,0.0,Station on,1.0,2021-08-31 23:55:02.336677+00:00,35.0,243.0,31,8.0,23,0.9166667,3863.0,2021.0,Eerikinkatu,24.9366415937527,60.1677057096398,14
148,18.0,1.0,0.0,Station on,1.0,2021-08-31 23:55:02.336677+00:00,35.0,243.0,31,8.0,23,0.9166667,3863.0,2021.0,Juhana Herttuan tie,24.9664522586218,60.2185249019981,16
269,1.0,1.0,0.0,Station on,1.0,2021-08-31 23:55:02.336677+00:00,35.0,243.0,31,8.0,23,0.9166667,3863.0,2021.0,Peukaloisentie,25.0585469211702,60.1987082869369,12
28,1.0,1.0,0.0,Station on,1.0,2021-08-31 23:55:02.336677+00:00,35.0,243.0,31,8.0,23,0.9166667,3863.0,2021.0,Lastenlehto,24.9270362659605,60.1657993006509,16
149,14.0,1.0,0.0,Station on,1.0,2021-08-31 23:55:02.336677+00:00,35.0,243.0,31,8.0,23,0.9166667,3863.0,2021.0,Toinen linja,24.9445685112105,60.1830009926511,22
29,4.0,1.0,0.0,Station on,1.0,2021-08-31 23:55:02.336677+00:00,35.0,243.0,31,8.0,23,0.9166667,3863.0,2021.0,Baana,24.9225706207902,60.1641173724871,16
390,8.0,1.0,0.0,Station on,1.0,2021-08-31 23:55:02.336677+00:00,35.0,243.0,31,8.0,23,0.9166667,3863.0,2021.0,Trumpettikuja,24.869109999497,60.2391561100934,16
270,4.0,1.0,0.0,Station on,1.0,2021-08-31 23:55:02.336677+00:00,35.0,243.0,31,8.0,23,0.9166667,3863.0,2021.0,Tulisuontie,25.0600755207072,60.2020741769704,16
391,19.0,1.0,0.0,Station on,1.0,2021-08-31 23:55:02.336677+00:00,35.0,243.0,31,8.0,23,0.9166667,3863.0,2021.0,Tollinpolku,24.8677110166808,60.245908525041,12
150,3.0,1.0,0.0,Station on,1.0,2021-08-31 23:55:02.336677+00:00,35.0,243.0,31,8.0,23,0.9166667,3863.0,2021.0,Töölönlahden puisto,24.9350784201451,60.1748578219656,24
271,4.0,1.0,0.0,Station on,1.0,2021-08-31 23:55:02.336677+00:00,35.0,243.0,31,8.0,23,0.9166667,3863.0,2021.0,Prinsessantie,25.059863346683,60.2062943134753,16
392,4.0,1.0,0.0,Station on,1.0,2021-08-31 23:55:02.336677+00:00,35.0,243.0,31,8.0,23,0.9166667,3863.0,2021.0,Viljelijäntie,24.8572979635334,60.2432334444678,16
30,2.0,1.0,0.0,Station on,1.0,2021-08-31 23:55:02.336677+00:00,35.0,243.0,31,8.0,23,0.9166667,3863.0,2021.0,Itämerentori,24.9145164996449,60.1635308918594,40
272,23.0,1.0,0.0,Station on,1.0,2021-08-31 23:55:02.336677+00:00,35.0,243.0,31,8.0,23,0.9166667,3863.0,2021.0,Marjaniementie,25.076069360708,60.2043248841061,16
393,3.0,1.0,0.0,Station on,1.0,2021-08-31 23:55:02.336677+00:00,35.0,243.0,31,8.0,23,0.9166667,3863.0,2021.0,Malminkartano railway station,24.8631156423813,60.2478178576762,20
31,5.0,1.0,0.0,Station on,1.0,2021-08-31 23:55:02.336677+00:00,35.0,243.0,31,8.0,23,0.9166667,3863.0,2021.0,Maria Hospital,24.9227415692015,60.1683228179992,16
394,7.0,1.0,0.0,Station on,1.0,2021-08-31 23:55:02.336677+00:00,35.0,243.0,31,8.0,23,0.9166667,3863.0,2021.0,Tuohipolku,24.8574322593556,60.2515646859168,12
32,6.0,1.0,0.0,Station on,1.0,2021-08-31 23:55:02.336677+00:00,35.0,243.0,31,8.0,23,0.9166667,3863.0,2021.0,Finnish Museum of Natural History,24.9318975121431,60.1713588986588,20
274,1.0,1.0,0.0,Station on,1.0,2021-08-31 23:55:02.336677+00:00,35.0,243.0,31,8.0,23,0.9166667,3863.0,2021.0,Voikukantie,25.0867813029403,60.2090159546746,16
395,2.0,1.0,0.0,Station on,1.0,2021-08-31 23:55:02.336677+00:00,35.0,243.0,31,8.0,23,0.9166667,3863.0,2021.0,Honkasuo,24.8465809743929,60.255557476007,16
33,6.0,1.0,0.0,Station on,1.0,2021-08-31 23:55:02.336677+00:00,35.0,243.0,31,8.0,23,0.9166667,3863.0,2021.0,Hanken School of Economics,24.923839759,60.171202903,16
275,1.0,1.0,0.0,Station on,1.0,2021-08-31 23:55:02.336677+00:00,35.0,243.0,31,8.0,23,0.9166667,3863.0,2021.0,Itäkeskus (M),25.0759744433382,60.2096186210914,28
396,0.0,1.0,0.0,Station on,1.0,2021-08-31 23:55:02.336677+00:00,35.0,243.0,31,8.0,23,0.9166667,3863.0,2021.0,Malminkartano Hill,24.8486486878388,60.2504077926351,12
34,4.0,1.0,0.0,Station on,1.0,2021-08-31 23:55:02.336677+00:00,35.0,243.0,31,8.0,23,0.9166667,3863.0,2021.0,National Museum,24.9328983153441,60.173956898526,16
276,0.0,1.0,0.0,Station on,1.0,2021-08-31 23:55:02.336677+00:00,35.0,243.0,31,8.0,23,0.9166667,3863.0,2021.0,Puotinharju,25.0824161004374,60.2125560259595,24
397,18.0,1.0,0.0,Station on,1.0,2021-08-31 23:55:02.336677+00:00,35.0,243.0,31,8.0,23,0.9166667,3863.0,2021.0,Hankasuontie,24.8475860266275,60.2447437736882,16
35,4.0,1.0,0.0,Station on,1.0,2021-08-31 23:55:02.336677+00:00,35.0,243.0,31,8.0,23,0.9166667,3863.0,2021.0,Cygnaeuksenkatu,24.9282685568484,60.1741008716685,16
277,25.0,1.0,0.0,Station on,1.0,2021-08-31 23:55:02.336677+00:00,35.0,243.0,31,8.0,23,0.9166667,3863.0,2021.0,Marjaniemi,25.0863443649103,60.2036199297435,14
398,10.0,1.0,0.0,Station on,1.0,2021-08-31 23:55:02.336677+00:00,35.0,243.0,31,8.0,23,0.9166667,3863.0,2021.0,Ajomiehentie,24.8512905063639,60.2388821009165,20
36,11.0,1.0,0.0,Station on,1.0,2021-08-31 23:55:02.336677+00:00,35.0,243.0,31,8.0,23,0.9166667,3863.0,2021.0,Apollonkatu,24.9224632983339,60.1760927790452,20
278,9.0,1.0,0.0,Station on,1.0,2021-08-31 23:55:02.336677+00:00,35.0,243.0,31,8.0,23,0.9166667,3863.0,2021.0,Puotilantie,25.1004180257133,60.2090787864561,14
399,1.0,1.0,0.0,Station on,1.0,2021-08-31 23:55:02.336677+00:00,35.0,243.0,31,8.0,23,0.9166667,3863.0,2021.0,Vähäntuvantie,24.846165047021,60.2324510345281,14
37,15.0,1.0,0.0,Station on,1.0,2021-08-31 23:55:02.336677+00:00,35.0,243.0,31,8.0,23,0.9166667,3863.0,2021.0,Töölönkatu,24.9283525094474,60.1775346191328,18
279,22.0,1.0,0.0,Station on,1.0,2021-08-31 23:55:02.336677+00:00,35.0,243.0,31,8.0,23,0.9166667,3863.0,2021.0,Puotinkylä Manor,25.1062099916086,60.2125374414988,16
38,8.0,1.0,0.0,Station on,1.0,2021-08-31 23:55:02.336677+00:00,35.0,243.0,31,8.0,23,0.9166667,3863.0,2021.0,Töölöntori,24.9249700522851,60.1791005171717,16
39,7.0,1.0,0.0,Station on,1.0,2021-08-31 23:55:02.336677+00:00,35.0,243.0,31,8.0,23,0.9166667,3863.0,2021.0,Opera,24.9266869997467,60.182552891987,24
280,26.0,1.0,0.0,Station on,1.0,2021-08-31 23:55:02.336677+00:00,35.0,243.0,31,8.0,23,0.9166667,3863.0,2021.0,Puotila shopping center,25.0955595128971,60.2127005636951,14
281,10.0,1.0,0.0,Station on,1.0,2021-08-31 23:55:02.336677+00:00,35.0,243.0,31,8.0,23,0.9166667,3863.0,2021.0,Puotila (M),25.0910915854205,60.2148242972699,20
40,7.0,1.0,0.0,Station on,1.0,2021-08-31 23:55:02.336677+00:00,35.0,243.0,31,8.0,23,0.9166667,3863.0,2021.0,Hakaniemi (M),24.9522579797678,60.1780816347447,28
161,8.0,1.0,0.0,Station on,1.0,2021-08-31 23:55:02.336677+00:00,35.0,243.0,31,8.0,23,0.9166667,3863.0,2021.0,Eteläesplanadi,24.9471504600595,60.1671998456303,34
282,15.0,1.0,0.0,Station on,1.0,2021-08-31 23:55:02.336677+00:00,35.0,243.0,31,8.0,23,0.9166667,3863.0,2021.0,Karhulantie,25.1022019197012,60.2187064270041,12
41,29.0,1.0,0.0,Station on,1.0,2021-08-31 23:55:02.336677+00:00,35.0,243.0,31,8.0,23,0.9166667,3863.0,2021.0,Ympyrätalo,24.949399999845,60.1808629918822,36
162,6.0,1.0,0.0,Station on,1.0,2021-08-31 23:55:02.336677+00:00,35.0,243.0,31,8.0,23,0.9166667,3863.0,2021.0,Leppäsuonaukio,24.9265784464228,60.1695846151592,28
283,9.0,1.0,0.0,Station on,1.0,2021-08-31 23:55:02.336677+00:00,35.0,243.0,31,8.0,23,0.9166667,3863.0,2021.0,Alakiventie,25.0772822325582,60.2198397844715,14
42,6.0,1.0,0.0,Station on,1.0,2021-08-31 23:55:02.336677+00:00,35.0,243.0,31,8.0,23,0.9166667,3863.0,2021.0,Haapaniemenkatu,24.9551952848707,60.1831601093456,18
163,20.0,1.0,0.0,Station on,1.0,2021-08-31 23:55:02.336677+00:00,35.0,243.0,31,8.0,23,0.9166667,3863.0,2021.0,Lehtisaarentie,24.8505039451831,60.1819482497591,12
284,0.0,1.0,0.0,Station on,1.0,2021-08-31 23:55:02.336677+00:00,35.0,243.0,31,8.0,23,0.9166667,3863.0,2021.0,Myllypuro (M),25.0753901685843,60.2240882550803,28
43,3.0,1.0,0.0,Station on,1.0,2021-08-31 23:55:02.336677+00:00,35.0,243.0,31,8.0,23,0.9166667,3863.0,2021.0,Karhupuisto,24.9526762998375,60.18428329212,24
285,4.0,1.0,0.0,Station on,1.0,2021-08-31 23:55:02.336677+00:00,35.0,243.0,31,8.0,23,0.9166667,3863.0,2021.0,Orpaanporras,25.0654178214231,60.22354882948,14
44,2.0,1.0,0.0,Station on,1.0,2021-08-31 23:55:02.336677+00:00,35.0,243.0,31,8.0,23,0.9166667,3863.0,2021.0,Sörnäinen (M),24.960554135,60.187712639,22
286,2.0,1.0,0.0,Station on,1.0,2021-08-31 23:55:02.336677+00:00,35.0,243.0,31,8.0,23,0.9166667,3863.0,2021.0,Mamsellimyllynkatu,25.0591030723076,60.2182457763173,16
45,8.0,1.0,0.0,Station on,1.0,2021-08-31 23:55:02.336677+00:00,35.0,243.0,31,8.0,23,0.9166667,3863.0,2021.0,Brahen kenttä,24.9508131529517,60.1867902883311,20
46,7.0,1.0,0.0,Station on,1.0,2021-08-31 23:55:02.336677+00:00,35.0,243.0,31,8.0,23,0.9166667,3863.0,2021.0,Diakoniapuisto,24.9435409604638,60.1869040535812,16
47,25.0,1.0,0.0,Station on,1.0,2021-08-31 23:55:02.336677+00:00,35.0,243.0,31,8.0,23,0.9166667,3863.0,2021.0,Market Square,24.9535685411145,60.1652833427097,22
48,24.0,1.0,0.0,Station on,1.0,2021-08-31 23:55:02.336677+00:00,35.0,243.0,31,8.0,23,0.9166667,3863.0,2021.0,Mastokatu,24.9674668165293,60.1647464973781,22
49,8.0,1.0,0.0,Station on,1.0,2021-08-31 23:55:02.336677+00:00,35.0,243.0,31,8.0,23,0.9166667,3863.0,2021.0,Annankatu,24.9417379007102,60.1634749245163,16
290,3.0,1.0,0.0,Station on,1.0,2021-08-31 23:55:02.336677+00:00,35.0,243.0,31,8.0,23,0.9166667,3863.0,2021.0,Vallilan varikko,24.9628231422149,60.1952459460233,20
291,12.0,1.0,0.0,Station on,1.0,2021-08-31 23:55:02.336677+00:00,35.0,243.0,31,8.0,23,0.9166667,3863.0,2021.0,Itäkeskus Metrovarikko,25.0657818190343,60.2114607347613,16
50,10.0,1.0,0.0,Station on,1.0,2021-08-31 23:55:02.336677+00:00,35.0,243.0,31,8.0,23,0.9166667,3863.0,2021.0,Melkonkuja,24.8861093999757,60.1498126916296,12
292,2.0,1.0,0.0,Station on,1.0,2021-08-31 23:55:02.336677+00:00,35.0,243.0,31,8.0,23,0.9166667,3863.0,2021.0,Koskelan varikko,24.9698571193553,60.2125872907979,16
51,7.0,1.0,0.0,Station on,1.0,2021-08-31 23:55:02.336677+00:00,35.0,243.0,31,8.0,23,0.9166667,3863.0,2021.0,Itälahdenkatu,24.8812501991249,60.1506599919369,12
293,0.0,1.0,0.0,Station on,1.0,2021-08-31 23:55:02.336677+00:00,35.0,243.0,31,8.0,23,0.9166667,3863.0,2021.0,Korkeasaari,24.9825269338023,60.1799061320186,16
52,4.0,1.0,0.0,Station on,1.0,2021-08-31 23:55:02.336677+00:00,35.0,243.0,31,8.0,23,0.9166667,3863.0,2021.0,Heikkilänaukio,24.879315899385,60.1540762917607,20
294,2.0,1.0,0.0,Station on,1.0,2021-08-31 23:55:02.336677+00:00,35.0,243.0,31,8.0,23,0.9166667,3863.0,2021.0,Postipuisto,24.9337369553808,60.2203012590912,18
53,5.0,1.0,0.0,Station on,1.0,2021-08-31 23:55:02.336677+00:00,35.0,243.0,31,8.0,23,0.9166667,3863.0,2021.0,Heikkiläntie,24.8850653001728,60.1568169919509,12
54,7.0,1.0,0.0,Station on,1.0,2021-08-31 23:55:02.336677+00:00,35.0,243.0,31,8.0,23,0.9166667,3863.0,2021.0,Gyldenintie,24.8766657996794,60.1583841916575,36
55,3.0,1.0,0.0,Station on,1.0,2021-08-31 23:55:02.336677+00:00,35.0,243.0,31,8.0,23,0.9166667,3863.0,2021.0,Puistokaari,24.8620200832623,60.1578749328793,16
56,22.0,1.0,0.0,Station on,1.0,2021-08-31 23:55:02.336677+00:00,35.0,243.0,31,8.0,23,0.9166667,3863.0,2021.0,Luoteisväylä,24.8603118531172,60.1653590878524,12
57,3.0,1.0,0.0,Station on,1.0,2021-08-31 23:55:02.336677+00:00,35.0,243.0,31,8.0,23,0.9166667,3863.0,2021.0,Lauttasaari Shopping Center,24.8828103623042,60.1604153459526,26
58,18.0,1.0,0.0,Station on,1.0,2021-08-31 23:55:02.336677+00:00,35.0,243.0,31,8.0,23,0.9166667,3863.0,2021.0,Lauttasaarensilta,24.8899154000946,60.1611858173089,20
59,17.0,1.0,0.0,Station on,1.0,2021-08-31 23:55:02.336677+00:00,35.0,243.0,31,8.0,23,0.9166667,3863.0,2021.0,Salmisaarenranta,24.9009334858186,60.164784170294,28
60,2.0,1.0,0.0,Station on,1.0,2021-08-31 23:55:02.336677+00:00,35.0,243.0,31,8.0,23,0.9166667,3863.0,2021.0,Cable Factory,24.90279681,60.161252848,26
61,16.0,1.0,0.0,Station on,1.0,2021-08-31 23:55:02.336677+00:00,35.0,243.0,31,8.0,23,0.9166667,3863.0,2021.0,Länsisatamankatu,24.9096920006591,60.158927591706,16
62,18.0,1.0,0.0,Station on,1.0,2021-08-31 23:55:02.336677+00:00,35.0,243.0,31,8.0,23,0.9166667,3863.0,2021.0,Välimerenkatu,24.9162412896547,60.1592963414953,16
63,19.0,1.0,0.0,Station on,1.0,2021-08-31 23:55:02.336677+00:00,35.0,243.0,31,8.0,23,0.9166667,3863.0,2021.0,Jätkäsaarenlaituri,24.9214896008223,60.1619310923994,24
64,19.0,1.0,0.0,Station on,1.0,2021-08-31 23:55:02.336677+00:00,35.0,243.0,31,8.0,23,0.9166667,3863.0,2021.0,Tyynenmerenkatu,24.9203435489542,60.1568077714966,20
65,49.0,1.0,0.0,Station on,1.0,2021-08-31 23:55:02.336677+00:00,35.0,243.0,31,8.0,23,0.9166667,3863.0,2021.0,Hernesaarenranta,24.9311978237832,60.1535144787873,40
66,13.0,1.0,0.0,Station on,1.0,2021-08-31 23:55:02.336677+00:00,35.0,243.0,31,8.0,23,0.9166667,3863.0,2021.0,Ehrenströmintie,24.9592122677265,60.1552178275344,20
67,13.0,1.0,0.0,Station on,1.0,2021-08-31 23:55:02.336677+00:00,35.0,243.0,31,8.0,23,0.9166667,3863.0,2021.0,Perämiehenkatu,24.9340656851355,60.160087584362,16
68,21.0,1.0,0.0,Station on,1.0,2021-08-31 23:55:02.336677+00:00,35.0,243.0,31,8.0,23,0.9166667,3863.0,2021.0,Albertinkatu,24.9368050446952,60.1618574790512,20
69,4.0,1.0,0.0,Station on,1.0,2021-08-31 23:55:02.336677+00:00,35.0,243.0,31,8.0,23,0.9166667,3863.0,2021.0,Kalevankatu,24.9314215703651,60.1656801793916,16
70,1.0,1.0,0.0,Station on,1.0,2021-08-31 23:55:02.336677+00:00,35.0,243.0,31,8.0,23,0.9166667,3863.0,2021.0,Sammonpuistikko,24.9224112000483,60.1731472920894,14
71,1.0,1.0,0.0,Station on,1.0,2021-08-31 23:55:02.336677+00:00,35.0,243.0,31,8.0,23,0.9166667,3863.0,2021.0,Hietaniemenkatu,24.9076704246974,60.1733331469852,24
72,19.0,1.0,0.0,Station on,1.0,2021-08-31 23:55:02.336677+00:00,35.0,243.0,31,8.0,23,0.9166667,3863.0,2021.0,Eteläinen Hesperiankatu,24.9155261617436,60.1755926611589,18
73,4.0,1.0,0.0,Station on,1.0,2021-08-31 23:55:02.336677+00:00,35.0,243.0,31,8.0,23,0.9166667,3863.0,2021.0,Kesäkatu,24.91325039954,60.1792966924742,14
74,3.0,1.0,0.0,Station on,1.0,2021-08-31 23:55:02.336677+00:00,35.0,243.0,31,8.0,23,0.9166667,3863.0,2021.0,Rajasaarentie,24.9110579020192,60.1831258058734,16
75,18.0,1.0,0.0,Station on,1.0,2021-08-31 23:55:02.336677+00:00,35.0,243.0,31,8.0,23,0.9166667,3863.0,2021.0,Korjaamo,24.919883700552,60.1838636970684,20
76,6.0,1.0,0.0,Station on,1.0,2021-08-31 23:55:02.336677+00:00,35.0,243.0,31,8.0,23,0.9166667,3863.0,2021.0,Olympic Stadium,24.924961245284,60.1844935075188,20
77,11.0,1.0,0.0,Station on,1.0,2021-08-31 23:55:02.336677+00:00,35.0,243.0,31,8.0,23,0.9166667,3863.0,2021.0,Nordenskiöldinaukio,24.9172924251712,60.1852461094041,16
78,10.0,1.0,0.0,Station on,1.0,2021-08-31 23:55:02.336677+00:00,35.0,243.0,31,8.0,23,0.9166667,3863.0,2021.0,Messeniuksenkatu,24.9180102002596,60.1878351921237,20
79,0.0,1.0,0.0,Station on,1.0,2021-08-31 23:55:02.336677+00:00,35.0,243.0,31,8.0,23,0.9166667,3863.0,2021.0,Swimming Stadium,24.9292125301786,60.1892523422817,18
80,8.0,1.0,0.0,Station on,1.0,2021-08-31 23:55:02.336677+00:00,35.0,243.0,31,8.0,23,0.9166667,3863.0,2021.0,Ice hall,24.9204971353408,60.1893228039601,22
81,1.0,1.0,0.0,Station on,1.0,2021-08-31 23:55:02.336677+00:00,35.0,243.0,31,8.0,23,0.9166667,3863.0,2021.0,Stenbäckinkatu,24.9123717007068,60.1883090916703,18
82,2.0,1.0,0.0,Station on,1.0,2021-08-31 23:55:02.336677+00:00,35.0,243.0,31,8.0,23,0.9166667,3863.0,2021.0,Töölöntulli,24.912893019047,60.1909233737999,16
83,0.0,1.0,0.0,Station on,1.0,2021-08-31 23:55:02.336677+00:00,35.0,243.0,31,8.0,23,0.9166667,3863.0,2021.0,Meilahti Hospital,24.9083351006824,60.1902194919139,28
84,4.0,1.0,0.0,Station on,1.0,2021-08-31 23:55:02.336677+00:00,35.0,243.0,31,8.0,23,0.9166667,3863.0,2021.0,Paciuksenkatu,24.8999261202594,60.1912061418589,14
85,0.0,1.0,0.0,Station on,1.0,2021-08-31 23:55:02.336677+00:00,35.0,243.0,31,8.0,23,0.9166667,3863.0,2021.0,Jalavatie,24.9057885671904,60.1934470268502,16
86,2.0,1.0,0.0,Station on,1.0,2021-08-31 23:55:02.336677+00:00,35.0,243.0,31,8.0,23,0.9166667,3863.0,2021.0,Kuusitie,24.9018996998812,60.1952451922329,24
87,6.0,1.0,0.0,Station on,1.0,2021-08-31 23:55:02.336677+00:00,35.0,243.0,31,8.0,23,0.9166667,3863.0,2021.0,Kustaankatu,24.9559903941467,60.1882073042861,20
88,4.0,1.0,0.0,Station on,1.0,2021-08-31 23:55:02.336677+00:00,35.0,243.0,31,8.0,23,0.9166667,3863.0,2021.0,Kiskontie,24.9012350212612,60.1990120683446,20
89,5.0,1.0,0.0,Station on,1.0,2021-08-31 23:55:02.336677+00:00,35.0,243.0,31,8.0,23,0.9166667,3863.0,2021.0,Tilkanvierto,24.8992505554038,60.1975748220279,16
90,24.0,1.0,0.0,Station on,1.0,2021-08-31 23:55:02.336677+00:00,35.0,243.0,31,8.0,23,0.9166667,3863.0,2021.0,Paciuksenkaari,24.8911179001253,60.1944474917836,20
91,0.0,1.0,0.0,Station on,1.0,2021-08-31 23:55:02.336677+00:00,35.0,243.0,31,8.0,23,0.9166667,3863.0,2021.0,Seurasaari,24.8847643214706,60.1884345423222,22
92,8.0,1.0,0.0,Station on,1.0,2021-08-31 23:55:02.336677+00:00,35.0,243.0,31,8.0,23,0.9166667,3863.0,2021.0,Saunalahdentie,24.8791652000743,60.1926665197597,8
93,18.0,1.0,0.0,Station on,1.0,2021-08-31 23:55:02.336677+00:00,35.0,243.0,31,8.0,23,0.9166667,3863.0,2021.0,Torpanranta,24.8713963007609,60.1948357920888,16
94,34.0,1.0,0.0,Station on,1.0,2021-08-31 23:55:02.336677+00:00,35.0,243.0,31,8.0,23,0.9166667,3863.0,2021.0,Laajalahden aukio,24.8763012644261,60.1978706012264,20
95,35.0,1.0,0.0,Station on,1.0,2021-08-31 23:55:02.336677+00:00,35.0,243.0,31,8.0,23,0.9166667,3863.0,2021.0,Munkkiniemen aukio,24.8840193884533,60.1967237851281,18
96,16.0,1.0,0.0,Station on,1.0,2021-08-31 23:55:02.336677+00:00,35.0,243.0,31,8.0,23,0.9166667,3863.0,2021.0,Huopalahdentie,24.8835764865762,60.199732919393,20
98,8.0,1.0,0.0,Station on,1.0,2021-08-31 23:55:02.336677+00:00,35.0,243.0,31,8.0,23,0.9166667,3863.0,2021.0,Ulvilantie,24.8708784784714,60.2038687140902,12
99,31.0,1.0,0.0,Station on,1.0,2021-08-31 23:55:02.336677+00:00,35.0,243.0,31,8.0,23,0.9166667,3863.0,2021.0,Muusantori,24.8559544008311,60.207119292,12
900,8.0,1.0,0.0,Station on,1.0,2021-08-31 23:55:02.336677+00:00,35.0,243.0,31,8.0,23,0.9166667,3863.0,2021.0,Orionintie,24.771826,60.180118,20
901,0.0,1.0,0.0,Station on,1.0,2021-08-31 23:55:02.336677+00:00,35.0,243.0,31,8.0,23,0.9166667,3863.0,2021.0,O'Bike Station,24.742219,60.163412,20
902,14.0,1.0,0.0,Station on,1.0,2021-08-31 23:55:02.336677+00:00,35.0,243.0,31,8.0,23,0.9166667,3863.0,2021.0,Derby Business Park,24.835356,60.209017,20
